"統計名：","法人企業統計調査 時系列データ"
"表番号：","1"
"表題：","[時系列データ] 金融業、保険業以外の業種(原数値)"
"実施年月：","2025年度","-"

"*","計算結果が値を持たない項目"
"***","数字が得られないもの"

"","","","","","","","","","/調査項目 (金融業、保険業以外の業種) コード","146"
"","","","","","","","","","/調査項目 (金融業、保険業以外の業種) 補助コード","-"
"業種 (金融業、保険業以外の業種) コード","業種 (金融業、保険業以外の業種) 補助コード","業種 (金融業、保険業以外の業種)","規模 (金融業、保険業以外の業種) コード","規模 (金融業、保険業以外の業種) 補助コード","規模 (金融業、保険業以外の業種)","年  期 コード","年  期 補助コード","年  期","/調査項目 (金融業、保険業以外の業種)","棚卸資産(当期末)【百万円】"
"104","","全産業（除く金融保険業）","26","","全規模","20000","","2000年度","","111,513,552"
"104","","全産業（除く金融保険業）","26","","全規模","20010","","2001年度","","103,895,596"
"104","","全産業（除く金融保険業）","26","","全規模","20020","","2002年度","","100,407,719"
"104","","全産業（除く金融保険業）","26","","全規模","20030","","2003年度","","96,080,192"
"104","","全産業（除く金融保険業）","26","","全規模","20040","","2004年度","","99,487,119"
"104","","全産業（除く金融保険業）","26","","全規模","20050","","2005年度","","107,499,184"
"104","","全産業（除く金融保険業）","26","","全規模","20060","","2006年度","","112,577,871"
"104","","全産業（除く金融保険業）","26","","全規模","20070","","2007年度","","122,626,812"
"104","","全産業（除く金融保険業）","26","","全規模","20080","","2008年度","","115,406,280"
"104","","全産業（除く金融保険業）","26","","全規模","20090","","2009年度","","112,550,077"
"104","","全産業（除く金融保険業）","26","","全規模","20100","","2010年度","","101,898,987"
"104","","全産業（除く金融保険業）","26","","全規模","20110","","2011年度","","105,134,443"
"104","","全産業（除く金融保険業）","26","","全規模","20120","","2012年度","","104,976,684"
"104","","全産業（除く金融保険業）","26","","全規模","20130","","2013年度","","106,487,531"
"104","","全産業（除く金融保険業）","26","","全規模","20140","","2014年度","","110,916,443"
"104","","全産業（除く金融保険業）","26","","全規模","20150","","2015年度","","108,435,769"
"104","","全産業（除く金融保険業）","26","","全規模","20160","","2016年度","","108,891,347"
"104","","全産業（除く金融保険業）","26","","全規模","20170","","2017年度","","119,557,916"
"104","","全産業（除く金融保険業）","26","","全規模","20180","","2018年度","","124,057,279"
"104","","全産業（除く金融保険業）","26","","全規模","20190","","2019年度","","120,050,899"
"104","","全産業（除く金融保険業）","26","","全規模","20200","","2020年度","","119,301,851"
"104","","全産業（除く金融保険業）","26","","全規模","20210","","2021年度","","133,094,724"
"104","","全産業（除く金融保険業）","26","","全規模","20220","","2022年度","","150,243,826"
"104","","全産業（除く金融保険業）","26","","全規模","20230","","2023年度","","155,981,542"
"104","","全産業（除く金融保険業）","26","","全規模","20240","","2024年度","","162,078,147"
"108","","製造業","26","","全規模","20000","","2000年度","","41,696,547"
"108","","製造業","26","","全規模","20010","","2001年度","","38,350,373"
"108","","製造業","26","","全規模","20020","","2002年度","","36,159,971"
"108","","製造業","26","","全規模","20030","","2003年度","","35,137,875"
"108","","製造業","26","","全規模","20040","","2004年度","","37,710,922"
"108","","製造業","26","","全規模","20050","","2005年度","","38,880,056"
"108","","製造業","26","","全規模","20060","","2006年度","","41,804,826"
"108","","製造業","26","","全規模","20070","","2007年度","","45,527,004"
"108","","製造業","26","","全規模","20080","","2008年度","","43,714,326"
"108","","製造業","26","","全規模","20090","","2009年度","","39,262,552"
"108","","製造業","26","","全規模","20100","","2010年度","","39,262,166"
"108","","製造業","26","","全規模","20110","","2011年度","","41,530,657"
"108","","製造業","26","","全規模","20120","","2012年度","","40,969,258"
"108","","製造業","26","","全規模","20130","","2013年度","","40,373,672"
"108","","製造業","26","","全規模","20140","","2014年度","","41,825,877"
"108","","製造業","26","","全規模","20150","","2015年度","","41,234,351"
"108","","製造業","26","","全規模","20160","","2016年度","","41,719,849"
"108","","製造業","26","","全規模","20170","","2017年度","","44,100,169"
"108","","製造業","26","","全規模","20180","","2018年度","","46,241,883"
"108","","製造業","26","","全規模","20190","","2019年度","","46,236,938"
"108","","製造業","26","","全規模","20200","","2020年度","","45,350,703"
"108","","製造業","26","","全規模","20210","","2021年度","","53,272,893"
"108","","製造業","26","","全規模","20220","","2022年度","","62,804,063"
"108","","製造業","26","","全規模","20230","","2023年度","","63,057,202"
"108","","製造業","26","","全規模","20240","","2024年度","","64,586,153"
"109","","食料品製造業","26","","全規模","20000","","2000年度","","3,943,103"
"109","","食料品製造業","26","","全規模","20010","","2001年度","","3,440,187"
"109","","食料品製造業","26","","全規模","20020","","2002年度","","3,219,912"
"109","","食料品製造業","26","","全規模","20030","","2003年度","","3,051,103"
"109","","食料品製造業","26","","全規模","20040","","2004年度","","3,232,424"
"109","","食料品製造業","26","","全規模","20050","","2005年度","","2,979,250"
"109","","食料品製造業","26","","全規模","20060","","2006年度","","3,535,541"
"109","","食料品製造業","26","","全規模","20070","","2007年度","","4,951,629"
"109","","食料品製造業","26","","全規模","20080","","2008年度","","3,713,930"
"109","","食料品製造業","26","","全規模","20090","","2009年度","","3,297,601"
"109","","食料品製造業","26","","全規模","20100","","2010年度","","3,268,850"
"109","","食料品製造業","26","","全規模","20110","","2011年度","","4,189,917"
"109","","食料品製造業","26","","全規模","20120","","2012年度","","4,046,196"
"109","","食料品製造業","26","","全規模","20130","","2013年度","","3,233,929"
"109","","食料品製造業","26","","全規模","20140","","2014年度","","3,633,371"
"109","","食料品製造業","26","","全規模","20150","","2015年度","","3,806,551"
"109","","食料品製造業","26","","全規模","20160","","2016年度","","3,814,035"
"109","","食料品製造業","26","","全規模","20170","","2017年度","","3,933,080"
"109","","食料品製造業","26","","全規模","20180","","2018年度","","4,023,295"
"109","","食料品製造業","26","","全規模","20190","","2019年度","","3,937,926"
"109","","食料品製造業","26","","全規模","20200","","2020年度","","4,033,400"
"109","","食料品製造業","26","","全規模","20210","","2021年度","","4,091,184"
"109","","食料品製造業","26","","全規模","20220","","2022年度","","5,366,590"
"109","","食料品製造業","26","","全規模","20230","","2023年度","","5,658,899"
"109","","食料品製造業","26","","全規模","20240","","2024年度","","6,151,803"
"110","","繊維工業","26","","全規模","20090","","2009年度","","1,381,655"
"110","","繊維工業","26","","全規模","20100","","2010年度","","1,415,330"
"110","","繊維工業","26","","全規模","20110","","2011年度","","1,374,647"
"110","","繊維工業","26","","全規模","20120","","2012年度","","1,229,149"
"110","","繊維工業","26","","全規模","20130","","2013年度","","1,546,970"
"110","","繊維工業","26","","全規模","20140","","2014年度","","1,638,351"
"110","","繊維工業","26","","全規模","20150","","2015年度","","1,250,869"
"110","","繊維工業","26","","全規模","20160","","2016年度","","1,561,094"
"110","","繊維工業","26","","全規模","20170","","2017年度","","1,471,426"
"110","","繊維工業","26","","全規模","20180","","2018年度","","1,240,639"
"110","","繊維工業","26","","全規模","20190","","2019年度","","1,375,372"
"110","","繊維工業","26","","全規模","20200","","2020年度","","1,258,202"
"110","","繊維工業","26","","全規模","20210","","2021年度","","1,378,317"
"110","","繊維工業","26","","全規模","20220","","2022年度","","1,209,829"
"110","","繊維工業","26","","全規模","20230","","2023年度","","1,155,345"
"110","","繊維工業","26","","全規模","20240","","2024年度","","1,272,957"
"163","","繊維工業(H20年度まで)","26","","全規模","20000","","2000年度","","891,087"
"163","","繊維工業(H20年度まで)","26","","全規模","20010","","2001年度","","896,279"
"163","","繊維工業(H20年度まで)","26","","全規模","20020","","2002年度","","1,106,745"
"163","","繊維工業(H20年度まで)","26","","全規模","20030","","2003年度","","605,785"
"163","","繊維工業(H20年度まで)","26","","全規模","20040","","2004年度","","642,045"
"163","","繊維工業(H20年度まで)","26","","全規模","20050","","2005年度","","648,438"
"163","","繊維工業(H20年度まで)","26","","全規模","20060","","2006年度","","854,548"
"163","","繊維工業(H20年度まで)","26","","全規模","20070","","2007年度","","856,098"
"163","","繊維工業(H20年度まで)","26","","全規模","20080","","2008年度","","736,867"
"111","","衣服・その他の繊維製品製造業(H20年度まで)","26","","全規模","20000","","2000年度","","908,497"
"111","","衣服・その他の繊維製品製造業(H20年度まで)","26","","全規模","20010","","2001年度","","863,496"
"111","","衣服・その他の繊維製品製造業(H20年度まで)","26","","全規模","20020","","2002年度","","1,094,726"
"111","","衣服・その他の繊維製品製造業(H20年度まで)","26","","全規模","20030","","2003年度","","692,373"
"111","","衣服・その他の繊維製品製造業(H20年度まで)","26","","全規模","20040","","2004年度","","784,163"
"111","","衣服・その他の繊維製品製造業(H20年度まで)","26","","全規模","20050","","2005年度","","898,894"
"111","","衣服・その他の繊維製品製造業(H20年度まで)","26","","全規模","20060","","2006年度","","1,174,618"
"111","","衣服・その他の繊維製品製造業(H20年度まで)","26","","全規模","20070","","2007年度","","820,484"
"111","","衣服・その他の繊維製品製造業(H20年度まで)","26","","全規模","20080","","2008年度","","746,265"
"112","","木材・木製品製造業","26","","全規模","20000","","2000年度","","681,754"
"112","","木材・木製品製造業","26","","全規模","20010","","2001年度","","727,072"
"112","","木材・木製品製造業","26","","全規模","20020","","2002年度","","616,086"
"112","","木材・木製品製造業","26","","全規模","20030","","2003年度","","686,280"
"112","","木材・木製品製造業","26","","全規模","20040","","2004年度","","595,759"
"112","","木材・木製品製造業","26","","全規模","20050","","2005年度","","539,832"
"112","","木材・木製品製造業","26","","全規模","20060","","2006年度","","539,420"
"112","","木材・木製品製造業","26","","全規模","20070","","2007年度","","614,601"
"112","","木材・木製品製造業","26","","全規模","20080","","2008年度","","389,682"
"112","","木材・木製品製造業","26","","全規模","20090","","2009年度","","577,556"
"112","","木材・木製品製造業","26","","全規模","20100","","2010年度","","500,380"
"112","","木材・木製品製造業","26","","全規模","20110","","2011年度","","483,698"
"112","","木材・木製品製造業","26","","全規模","20120","","2012年度","","511,014"
"112","","木材・木製品製造業","26","","全規模","20130","","2013年度","","568,181"
"112","","木材・木製品製造業","26","","全規模","20140","","2014年度","","605,215"
"112","","木材・木製品製造業","26","","全規模","20150","","2015年度","","410,137"
"112","","木材・木製品製造業","26","","全規模","20160","","2016年度","","524,374"
"112","","木材・木製品製造業","26","","全規模","20170","","2017年度","","395,056"
"112","","木材・木製品製造業","26","","全規模","20180","","2018年度","","365,504"
"112","","木材・木製品製造業","26","","全規模","20190","","2019年度","","424,345"
"112","","木材・木製品製造業","26","","全規模","20200","","2020年度","","355,856"
"112","","木材・木製品製造業","26","","全規模","20210","","2021年度","","408,981"
"112","","木材・木製品製造業","26","","全規模","20220","","2022年度","","445,900"
"112","","木材・木製品製造業","26","","全規模","20230","","2023年度","","404,241"
"112","","木材・木製品製造業","26","","全規模","20240","","2024年度","","378,473"
"113","","パルプ・紙・紙加工品製造業","26","","全規模","20000","","2000年度","","755,075"
"113","","パルプ・紙・紙加工品製造業","26","","全規模","20010","","2001年度","","705,562"
"113","","パルプ・紙・紙加工品製造業","26","","全規模","20020","","2002年度","","666,118"
"113","","パルプ・紙・紙加工品製造業","26","","全規模","20030","","2003年度","","648,961"
"113","","パルプ・紙・紙加工品製造業","26","","全規模","20040","","2004年度","","646,226"
"113","","パルプ・紙・紙加工品製造業","26","","全規模","20050","","2005年度","","957,881"
"113","","パルプ・紙・紙加工品製造業","26","","全規模","20060","","2006年度","","739,676"
"113","","パルプ・紙・紙加工品製造業","26","","全規模","20070","","2007年度","","860,823"
"113","","パルプ・紙・紙加工品製造業","26","","全規模","20080","","2008年度","","841,440"
"113","","パルプ・紙・紙加工品製造業","26","","全規模","20090","","2009年度","","753,071"
"113","","パルプ・紙・紙加工品製造業","26","","全規模","20100","","2010年度","","877,919"
"113","","パルプ・紙・紙加工品製造業","26","","全規模","20110","","2011年度","","724,189"
"113","","パルプ・紙・紙加工品製造業","26","","全規模","20120","","2012年度","","607,111"
"113","","パルプ・紙・紙加工品製造業","26","","全規模","20130","","2013年度","","688,460"
"113","","パルプ・紙・紙加工品製造業","26","","全規模","20140","","2014年度","","834,481"
"113","","パルプ・紙・紙加工品製造業","26","","全規模","20150","","2015年度","","774,313"
"113","","パルプ・紙・紙加工品製造業","26","","全規模","20160","","2016年度","","673,920"
"113","","パルプ・紙・紙加工品製造業","26","","全規模","20170","","2017年度","","867,506"
"113","","パルプ・紙・紙加工品製造業","26","","全規模","20180","","2018年度","","866,654"
"113","","パルプ・紙・紙加工品製造業","26","","全規模","20190","","2019年度","","827,671"
"113","","パルプ・紙・紙加工品製造業","26","","全規模","20200","","2020年度","","796,200"
"113","","パルプ・紙・紙加工品製造業","26","","全規模","20210","","2021年度","","849,402"
"113","","パルプ・紙・紙加工品製造業","26","","全規模","20220","","2022年度","","908,584"
"113","","パルプ・紙・紙加工品製造業","26","","全規模","20230","","2023年度","","867,893"
"113","","パルプ・紙・紙加工品製造業","26","","全規模","20240","","2024年度","","858,625"
"114","","印刷・同関連業","26","","全規模","20000","","2000年度","","778,216"
"114","","印刷・同関連業","26","","全規模","20010","","2001年度","","944,765"
"114","","印刷・同関連業","26","","全規模","20020","","2002年度","","786,651"
"114","","印刷・同関連業","26","","全規模","20030","","2003年度","","692,453"
"114","","印刷・同関連業","26","","全規模","20040","","2004年度","","453,295"
"114","","印刷・同関連業","26","","全規模","20050","","2005年度","","428,553"
"114","","印刷・同関連業","26","","全規模","20060","","2006年度","","426,918"
"114","","印刷・同関連業","26","","全規模","20070","","2007年度","","374,662"
"114","","印刷・同関連業","26","","全規模","20080","","2008年度","","344,745"
"114","","印刷・同関連業","26","","全規模","20090","","2009年度","","774,423"
"114","","印刷・同関連業","26","","全規模","20100","","2010年度","","458,836"
"114","","印刷・同関連業","26","","全規模","20110","","2011年度","","478,382"
"114","","印刷・同関連業","26","","全規模","20120","","2012年度","","399,949"
"114","","印刷・同関連業","26","","全規模","20130","","2013年度","","495,124"
"114","","印刷・同関連業","26","","全規模","20140","","2014年度","","435,211"
"114","","印刷・同関連業","26","","全規模","20150","","2015年度","","377,474"
"114","","印刷・同関連業","26","","全規模","20160","","2016年度","","372,200"
"114","","印刷・同関連業","26","","全規模","20170","","2017年度","","431,276"
"114","","印刷・同関連業","26","","全規模","20180","","2018年度","","394,325"
"114","","印刷・同関連業","26","","全規模","20190","","2019年度","","364,660"
"114","","印刷・同関連業","26","","全規模","20200","","2020年度","","364,998"
"114","","印刷・同関連業","26","","全規模","20210","","2021年度","","384,134"
"114","","印刷・同関連業","26","","全規模","20220","","2022年度","","431,515"
"114","","印刷・同関連業","26","","全規模","20230","","2023年度","","382,699"
"114","","印刷・同関連業","26","","全規模","20240","","2024年度","","527,550"
"115","","化学工業","26","","全規模","20000","","2000年度","","4,415,652"
"115","","化学工業","26","","全規模","20010","","2001年度","","4,316,725"
"115","","化学工業","26","","全規模","20020","","2002年度","","4,122,393"
"115","","化学工業","26","","全規模","20030","","2003年度","","3,755,600"
"115","","化学工業","26","","全規模","20040","","2004年度","","3,953,432"
"115","","化学工業","26","","全規模","20050","","2005年度","","4,496,628"
"115","","化学工業","26","","全規模","20060","","2006年度","","4,575,981"
"115","","化学工業","26","","全規模","20070","","2007年度","","4,891,044"
"115","","化学工業","26","","全規模","20080","","2008年度","","5,358,656"
"115","","化学工業","26","","全規模","20090","","2009年度","","4,737,155"
"115","","化学工業","26","","全規模","20100","","2010年度","","4,883,776"
"115","","化学工業","26","","全規模","20110","","2011年度","","5,734,652"
"115","","化学工業","26","","全規模","20120","","2012年度","","5,842,860"
"115","","化学工業","26","","全規模","20130","","2013年度","","5,824,379"
"115","","化学工業","26","","全規模","20140","","2014年度","","6,157,357"
"115","","化学工業","26","","全規模","20150","","2015年度","","6,471,748"
"115","","化学工業","26","","全規模","20160","","2016年度","","5,885,976"
"115","","化学工業","26","","全規模","20170","","2017年度","","5,956,214"
"115","","化学工業","26","","全規模","20180","","2018年度","","6,892,118"
"115","","化学工業","26","","全規模","20190","","2019年度","","7,355,987"
"115","","化学工業","26","","全規模","20200","","2020年度","","7,334,438"
"115","","化学工業","26","","全規模","20210","","2021年度","","7,880,779"
"115","","化学工業","26","","全規模","20220","","2022年度","","9,522,095"
"115","","化学工業","26","","全規模","20230","","2023年度","","9,430,268"
"115","","化学工業","26","","全規模","20240","","2024年度","","9,618,482"
"116","","石油製品・石炭製品製造業","26","","全規模","20000","","2000年度","","1,352,198"
"116","","石油製品・石炭製品製造業","26","","全規模","20010","","2001年度","","1,256,619"
"116","","石油製品・石炭製品製造業","26","","全規模","20020","","2002年度","","1,367,724"
"116","","石油製品・石炭製品製造業","26","","全規模","20030","","2003年度","","1,320,824"
"116","","石油製品・石炭製品製造業","26","","全規模","20040","","2004年度","","1,732,805"
"116","","石油製品・石炭製品製造業","26","","全規模","20050","","2005年度","","2,143,657"
"116","","石油製品・石炭製品製造業","26","","全規模","20060","","2006年度","","1,833,625"
"116","","石油製品・石炭製品製造業","26","","全規模","20070","","2007年度","","2,255,359"
"116","","石油製品・石炭製品製造業","26","","全規模","20080","","2008年度","","1,444,367"
"116","","石油製品・石炭製品製造業","26","","全規模","20090","","2009年度","","1,855,555"
"116","","石油製品・石炭製品製造業","26","","全規模","20100","","2010年度","","1,719,591"
"116","","石油製品・石炭製品製造業","26","","全規模","20110","","2011年度","","2,228,127"
"116","","石油製品・石炭製品製造業","26","","全規模","20120","","2012年度","","2,174,459"
"116","","石油製品・石炭製品製造業","26","","全規模","20130","","2013年度","","2,209,513"
"116","","石油製品・石炭製品製造業","26","","全規模","20140","","2014年度","","1,390,694"
"116","","石油製品・石炭製品製造業","26","","全規模","20150","","2015年度","","1,035,185"
"116","","石油製品・石炭製品製造業","26","","全規模","20160","","2016年度","","1,284,328"
"116","","石油製品・石炭製品製造業","26","","全規模","20170","","2017年度","","1,297,499"
"116","","石油製品・石炭製品製造業","26","","全規模","20180","","2018年度","","1,341,947"
"116","","石油製品・石炭製品製造業","26","","全規模","20190","","2019年度","","1,112,553"
"116","","石油製品・石炭製品製造業","26","","全規模","20200","","2020年度","","1,202,869"
"116","","石油製品・石炭製品製造業","26","","全規模","20210","","2021年度","","1,888,721"
"116","","石油製品・石炭製品製造業","26","","全規模","20220","","2022年度","","2,067,582"
"116","","石油製品・石炭製品製造業","26","","全規模","20230","","2023年度","","2,128,164"
"116","","石油製品・石炭製品製造業","26","","全規模","20240","","2024年度","","2,056,107"
"117","","窯業・土石製品製造業","26","","全規模","20000","","2000年度","","1,134,678"
"117","","窯業・土石製品製造業","26","","全規模","20010","","2001年度","","1,256,750"
"117","","窯業・土石製品製造業","26","","全規模","20020","","2002年度","","1,106,614"
"117","","窯業・土石製品製造業","26","","全規模","20030","","2003年度","","1,130,699"
"117","","窯業・土石製品製造業","26","","全規模","20040","","2004年度","","1,237,240"
"117","","窯業・土石製品製造業","26","","全規模","20050","","2005年度","","1,237,393"
"117","","窯業・土石製品製造業","26","","全規模","20060","","2006年度","","1,416,553"
"117","","窯業・土石製品製造業","26","","全規模","20070","","2007年度","","1,326,976"
"117","","窯業・土石製品製造業","26","","全規模","20080","","2008年度","","1,267,744"
"117","","窯業・土石製品製造業","26","","全規模","20090","","2009年度","","1,018,343"
"117","","窯業・土石製品製造業","26","","全規模","20100","","2010年度","","1,177,940"
"117","","窯業・土石製品製造業","26","","全規模","20110","","2011年度","","1,187,955"
"117","","窯業・土石製品製造業","26","","全規模","20120","","2012年度","","1,085,442"
"117","","窯業・土石製品製造業","26","","全規模","20130","","2013年度","","1,117,111"
"117","","窯業・土石製品製造業","26","","全規模","20140","","2014年度","","1,042,046"
"117","","窯業・土石製品製造業","26","","全規模","20150","","2015年度","","1,088,596"
"117","","窯業・土石製品製造業","26","","全規模","20160","","2016年度","","1,132,132"
"117","","窯業・土石製品製造業","26","","全規模","20170","","2017年度","","1,140,281"
"117","","窯業・土石製品製造業","26","","全規模","20180","","2018年度","","1,095,775"
"117","","窯業・土石製品製造業","26","","全規模","20190","","2019年度","","1,154,576"
"117","","窯業・土石製品製造業","26","","全規模","20200","","2020年度","","1,209,425"
"117","","窯業・土石製品製造業","26","","全規模","20210","","2021年度","","1,328,598"
"117","","窯業・土石製品製造業","26","","全規模","20220","","2022年度","","1,563,276"
"117","","窯業・土石製品製造業","26","","全規模","20230","","2023年度","","1,492,750"
"117","","窯業・土石製品製造業","26","","全規模","20240","","2024年度","","1,582,677"
"118","","鉄鋼業","26","","全規模","20000","","2000年度","","2,028,433"
"118","","鉄鋼業","26","","全規模","20010","","2001年度","","2,222,618"
"118","","鉄鋼業","26","","全規模","20020","","2002年度","","1,833,200"
"118","","鉄鋼業","26","","全規模","20030","","2003年度","","1,723,178"
"118","","鉄鋼業","26","","全規模","20040","","2004年度","","2,167,012"
"118","","鉄鋼業","26","","全規模","20050","","2005年度","","2,486,433"
"118","","鉄鋼業","26","","全規模","20060","","2006年度","","2,701,059"
"118","","鉄鋼業","26","","全規模","20070","","2007年度","","3,055,547"
"118","","鉄鋼業","26","","全規模","20080","","2008年度","","3,518,228"
"118","","鉄鋼業","26","","全規模","20090","","2009年度","","2,947,549"
"118","","鉄鋼業","26","","全規模","20100","","2010年度","","3,276,341"
"118","","鉄鋼業","26","","全規模","20110","","2011年度","","3,319,770"
"118","","鉄鋼業","26","","全規模","20120","","2012年度","","2,920,555"
"118","","鉄鋼業","26","","全規模","20130","","2013年度","","2,961,217"
"118","","鉄鋼業","26","","全規模","20140","","2014年度","","3,049,015"
"118","","鉄鋼業","26","","全規模","20150","","2015年度","","2,848,341"
"118","","鉄鋼業","26","","全規模","20160","","2016年度","","2,732,841"
"118","","鉄鋼業","26","","全規模","20170","","2017年度","","3,109,070"
"118","","鉄鋼業","26","","全規模","20180","","2018年度","","3,250,289"
"118","","鉄鋼業","26","","全規模","20190","","2019年度","","3,150,592"
"118","","鉄鋼業","26","","全規模","20200","","2020年度","","2,869,708"
"118","","鉄鋼業","26","","全規模","20210","","2021年度","","3,965,598"
"118","","鉄鋼業","26","","全規模","20220","","2022年度","","4,588,047"
"118","","鉄鋼業","26","","全規模","20230","","2023年度","","4,460,832"
"118","","鉄鋼業","26","","全規模","20240","","2024年度","","4,241,833"
"119","","非鉄金属製造業","26","","全規模","20000","","2000年度","","1,157,337"
"119","","非鉄金属製造業","26","","全規模","20010","","2001年度","","1,162,698"
"119","","非鉄金属製造業","26","","全規模","20020","","2002年度","","1,102,677"
"119","","非鉄金属製造業","26","","全規模","20030","","2003年度","","1,238,540"
"119","","非鉄金属製造業","26","","全規模","20040","","2004年度","","1,279,606"
"119","","非鉄金属製造業","26","","全規模","20050","","2005年度","","1,394,927"
"119","","非鉄金属製造業","26","","全規模","20060","","2006年度","","1,575,262"
"119","","非鉄金属製造業","26","","全規模","20070","","2007年度","","1,624,895"
"119","","非鉄金属製造業","26","","全規模","20080","","2008年度","","1,448,072"
"119","","非鉄金属製造業","26","","全規模","20090","","2009年度","","1,533,597"
"119","","非鉄金属製造業","26","","全規模","20100","","2010年度","","1,615,587"
"119","","非鉄金属製造業","26","","全規模","20110","","2011年度","","1,612,788"
"119","","非鉄金属製造業","26","","全規模","20120","","2012年度","","1,713,643"
"119","","非鉄金属製造業","26","","全規模","20130","","2013年度","","1,687,031"
"119","","非鉄金属製造業","26","","全規模","20140","","2014年度","","1,940,827"
"119","","非鉄金属製造業","26","","全規模","20150","","2015年度","","1,628,477"
"119","","非鉄金属製造業","26","","全規模","20160","","2016年度","","1,717,635"
"119","","非鉄金属製造業","26","","全規模","20170","","2017年度","","2,003,616"
"119","","非鉄金属製造業","26","","全規模","20180","","2018年度","","1,890,626"
"119","","非鉄金属製造業","26","","全規模","20190","","2019年度","","2,107,103"
"119","","非鉄金属製造業","26","","全規模","20200","","2020年度","","2,452,872"
"119","","非鉄金属製造業","26","","全規模","20210","","2021年度","","3,760,550"
"119","","非鉄金属製造業","26","","全規模","20220","","2022年度","","3,842,430"
"119","","非鉄金属製造業","26","","全規模","20230","","2023年度","","3,254,589"
"119","","非鉄金属製造業","26","","全規模","20240","","2024年度","","3,477,900"
"120","","金属製品製造業","26","","全規模","20000","","2000年度","","2,174,818"
"120","","金属製品製造業","26","","全規模","20010","","2001年度","","1,817,327"
"120","","金属製品製造業","26","","全規模","20020","","2002年度","","1,582,435"
"120","","金属製品製造業","26","","全規模","20030","","2003年度","","1,583,610"
"120","","金属製品製造業","26","","全規模","20040","","2004年度","","1,727,778"
"120","","金属製品製造業","26","","全規模","20050","","2005年度","","1,807,752"
"120","","金属製品製造業","26","","全規模","20060","","2006年度","","1,676,894"
"120","","金属製品製造業","26","","全規模","20070","","2007年度","","2,279,412"
"120","","金属製品製造業","26","","全規模","20080","","2008年度","","1,788,965"
"120","","金属製品製造業","26","","全規模","20090","","2009年度","","1,959,446"
"120","","金属製品製造業","26","","全規模","20100","","2010年度","","1,850,486"
"120","","金属製品製造業","26","","全規模","20110","","2011年度","","1,728,333"
"120","","金属製品製造業","26","","全規模","20120","","2012年度","","1,700,355"
"120","","金属製品製造業","26","","全規模","20130","","2013年度","","1,728,267"
"120","","金属製品製造業","26","","全規模","20140","","2014年度","","1,554,942"
"120","","金属製品製造業","26","","全規模","20150","","2015年度","","1,553,631"
"120","","金属製品製造業","26","","全規模","20160","","2016年度","","1,810,930"
"120","","金属製品製造業","26","","全規模","20170","","2017年度","","1,881,383"
"120","","金属製品製造業","26","","全規模","20180","","2018年度","","2,039,457"
"120","","金属製品製造業","26","","全規模","20190","","2019年度","","2,022,122"
"120","","金属製品製造業","26","","全規模","20200","","2020年度","","1,892,250"
"120","","金属製品製造業","26","","全規模","20210","","2021年度","","1,882,542"
"120","","金属製品製造業","26","","全規模","20220","","2022年度","","2,119,956"
"120","","金属製品製造業","26","","全規模","20230","","2023年度","","2,376,593"
"120","","金属製品製造業","26","","全規模","20240","","2024年度","","2,321,331"
"154","","はん用機械器具製造業","26","","全規模","20090","","2009年度","","834,211"
"154","","はん用機械器具製造業","26","","全規模","20100","","2010年度","","725,722"
"154","","はん用機械器具製造業","26","","全規模","20110","","2011年度","","808,100"
"154","","はん用機械器具製造業","26","","全規模","20120","","2012年度","","760,222"
"154","","はん用機械器具製造業","26","","全規模","20130","","2013年度","","804,107"
"154","","はん用機械器具製造業","26","","全規模","20140","","2014年度","","853,448"
"154","","はん用機械器具製造業","26","","全規模","20150","","2015年度","","862,368"
"154","","はん用機械器具製造業","26","","全規模","20160","","2016年度","","838,881"
"154","","はん用機械器具製造業","26","","全規模","20170","","2017年度","","888,832"
"154","","はん用機械器具製造業","26","","全規模","20180","","2018年度","","1,034,632"
"154","","はん用機械器具製造業","26","","全規模","20190","","2019年度","","1,029,981"
"154","","はん用機械器具製造業","26","","全規模","20200","","2020年度","","981,304"
"154","","はん用機械器具製造業","26","","全規模","20210","","2021年度","","996,588"
"154","","はん用機械器具製造業","26","","全規模","20220","","2022年度","","1,276,239"
"154","","はん用機械器具製造業","26","","全規模","20230","","2023年度","","1,503,279"
"154","","はん用機械器具製造業","26","","全規模","20240","","2024年度","","1,526,105"
"121","","生産用機械器具製造業","26","","全規模","20000","","2000年度","","3,967,807"
"121","","生産用機械器具製造業","26","","全規模","20010","","2001年度","","3,482,161"
"121","","生産用機械器具製造業","26","","全規模","20020","","2002年度","","3,354,543"
"121","","生産用機械器具製造業","26","","全規模","20030","","2003年度","","4,583,301"
"121","","生産用機械器具製造業","26","","全規模","20040","","2004年度","","4,845,935"
"121","","生産用機械器具製造業","26","","全規模","20050","","2005年度","","5,077,736"
"121","","生産用機械器具製造業","26","","全規模","20060","","2006年度","","5,321,312"
"121","","生産用機械器具製造業","26","","全規模","20070","","2007年度","","5,297,656"
"121","","生産用機械器具製造業","26","","全規模","20080","","2008年度","","5,421,229"
"121","","生産用機械器具製造業","26","","全規模","20090","","2009年度","","3,792,494"
"121","","生産用機械器具製造業","26","","全規模","20100","","2010年度","","3,452,201"
"121","","生産用機械器具製造業","26","","全規模","20110","","2011年度","","3,354,569"
"121","","生産用機械器具製造業","26","","全規模","20120","","2012年度","","3,864,936"
"121","","生産用機械器具製造業","26","","全規模","20130","","2013年度","","3,564,352"
"121","","生産用機械器具製造業","26","","全規模","20140","","2014年度","","3,555,930"
"121","","生産用機械器具製造業","26","","全規模","20150","","2015年度","","3,766,784"
"121","","生産用機械器具製造業","26","","全規模","20160","","2016年度","","3,172,385"
"121","","生産用機械器具製造業","26","","全規模","20170","","2017年度","","3,359,955"
"121","","生産用機械器具製造業","26","","全規模","20180","","2018年度","","4,114,204"
"121","","生産用機械器具製造業","26","","全規模","20190","","2019年度","","3,754,071"
"121","","生産用機械器具製造業","26","","全規模","20200","","2020年度","","3,306,822"
"121","","生産用機械器具製造業","26","","全規模","20210","","2021年度","","4,229,207"
"121","","生産用機械器具製造業","26","","全規模","20220","","2022年度","","5,158,061"
"121","","生産用機械器具製造業","26","","全規模","20230","","2023年度","","5,288,567"
"121","","生産用機械器具製造業","26","","全規模","20240","","2024年度","","5,412,987"
"124","","業務用機械器具製造業","26","","全規模","20000","","2000年度","","1,494,263"
"124","","業務用機械器具製造業","26","","全規模","20010","","2001年度","","1,360,381"
"124","","業務用機械器具製造業","26","","全規模","20020","","2002年度","","1,304,005"
"124","","業務用機械器具製造業","26","","全規模","20030","","2003年度","","1,283,752"
"124","","業務用機械器具製造業","26","","全規模","20040","","2004年度","","1,416,256"
"124","","業務用機械器具製造業","26","","全規模","20050","","2005年度","","1,285,756"
"124","","業務用機械器具製造業","26","","全規模","20060","","2006年度","","1,497,962"
"124","","業務用機械器具製造業","26","","全規模","20070","","2007年度","","1,624,162"
"124","","業務用機械器具製造業","26","","全規模","20080","","2008年度","","1,599,980"
"124","","業務用機械器具製造業","26","","全規模","20090","","2009年度","","1,506,878"
"124","","業務用機械器具製造業","26","","全規模","20100","","2010年度","","1,550,329"
"124","","業務用機械器具製造業","26","","全規模","20110","","2011年度","","1,499,276"
"124","","業務用機械器具製造業","26","","全規模","20120","","2012年度","","1,509,474"
"124","","業務用機械器具製造業","26","","全規模","20130","","2013年度","","1,791,937"
"124","","業務用機械器具製造業","26","","全規模","20140","","2014年度","","1,897,553"
"124","","業務用機械器具製造業","26","","全規模","20150","","2015年度","","1,980,074"
"124","","業務用機械器具製造業","26","","全規模","20160","","2016年度","","2,000,359"
"124","","業務用機械器具製造業","26","","全規模","20170","","2017年度","","2,022,091"
"124","","業務用機械器具製造業","26","","全規模","20180","","2018年度","","2,107,001"
"124","","業務用機械器具製造業","26","","全規模","20190","","2019年度","","2,126,628"
"124","","業務用機械器具製造業","26","","全規模","20200","","2020年度","","2,277,880"
"124","","業務用機械器具製造業","26","","全規模","20210","","2021年度","","2,432,923"
"124","","業務用機械器具製造業","26","","全規模","20220","","2022年度","","2,902,191"
"124","","業務用機械器具製造業","26","","全規模","20230","","2023年度","","3,072,470"
"124","","業務用機械器具製造業","26","","全規模","20240","","2024年度","","2,798,208"
"122","","電気機械器具製造業","26","","全規模","20000","","2000年度","","8,538,812"
"122","","電気機械器具製造業","26","","全規模","20010","","2001年度","","6,874,164"
"122","","電気機械器具製造業","26","","全規模","20020","","2002年度","","5,895,132"
"122","","電気機械器具製造業","26","","全規模","20030","","2003年度","","5,785,312"
"122","","電気機械器具製造業","26","","全規模","20040","","2004年度","","3,751,243"
"122","","電気機械器具製造業","26","","全規模","20050","","2005年度","","3,343,336"
"122","","電気機械器具製造業","26","","全規模","20060","","2006年度","","3,639,148"
"122","","電気機械器具製造業","26","","全規模","20070","","2007年度","","3,643,030"
"122","","電気機械器具製造業","26","","全規模","20080","","2008年度","","3,447,017"
"122","","電気機械器具製造業","26","","全規模","20090","","2009年度","","2,992,543"
"122","","電気機械器具製造業","26","","全規模","20100","","2010年度","","3,096,965"
"122","","電気機械器具製造業","26","","全規模","20110","","2011年度","","2,981,692"
"122","","電気機械器具製造業","26","","全規模","20120","","2012年度","","2,519,002"
"122","","電気機械器具製造業","26","","全規模","20130","","2013年度","","2,490,970"
"122","","電気機械器具製造業","26","","全規模","20140","","2014年度","","2,958,381"
"122","","電気機械器具製造業","26","","全規模","20150","","2015年度","","2,787,040"
"122","","電気機械器具製造業","26","","全規模","20160","","2016年度","","2,897,663"
"122","","電気機械器具製造業","26","","全規模","20170","","2017年度","","3,255,009"
"122","","電気機械器具製造業","26","","全規模","20180","","2018年度","","3,494,869"
"122","","電気機械器具製造業","26","","全規模","20190","","2019年度","","3,622,262"
"122","","電気機械器具製造業","26","","全規模","20200","","2020年度","","3,331,855"
"122","","電気機械器具製造業","26","","全規模","20210","","2021年度","","3,687,869"
"122","","電気機械器具製造業","26","","全規模","20220","","2022年度","","4,532,834"
"122","","電気機械器具製造業","26","","全規模","20230","","2023年度","","4,796,474"
"122","","電気機械器具製造業","26","","全規模","20240","","2024年度","","4,842,484"
"145","","情報通信機械器具製造業","26","","全規模","20040","","2004年度","","2,660,422"
"145","","情報通信機械器具製造業","26","","全規模","20050","","2005年度","","2,724,932"
"145","","情報通信機械器具製造業","26","","全規模","20060","","2006年度","","2,871,569"
"145","","情報通信機械器具製造業","26","","全規模","20070","","2007年度","","2,991,660"
"145","","情報通信機械器具製造業","26","","全規模","20080","","2008年度","","2,695,787"
"145","","情報通信機械器具製造業","26","","全規模","20090","","2009年度","","2,405,683"
"145","","情報通信機械器具製造業","26","","全規模","20100","","2010年度","","2,710,047"
"145","","情報通信機械器具製造業","26","","全規模","20110","","2011年度","","2,758,732"
"145","","情報通信機械器具製造業","26","","全規模","20120","","2012年度","","3,048,298"
"145","","情報通信機械器具製造業","26","","全規模","20130","","2013年度","","2,656,451"
"145","","情報通信機械器具製造業","26","","全規模","20140","","2014年度","","2,579,907"
"145","","情報通信機械器具製造業","26","","全規模","20150","","2015年度","","3,178,247"
"145","","情報通信機械器具製造業","26","","全規模","20160","","2016年度","","3,416,755"
"145","","情報通信機械器具製造業","26","","全規模","20170","","2017年度","","3,396,256"
"145","","情報通信機械器具製造業","26","","全規模","20180","","2018年度","","3,637,942"
"145","","情報通信機械器具製造業","26","","全規模","20190","","2019年度","","3,012,378"
"145","","情報通信機械器具製造業","26","","全規模","20200","","2020年度","","3,054,932"
"145","","情報通信機械器具製造業","26","","全規模","20210","","2021年度","","4,001,064"
"145","","情報通信機械器具製造業","26","","全規模","20220","","2022年度","","5,313,372"
"145","","情報通信機械器具製造業","26","","全規模","20230","","2023年度","","4,744,527"
"145","","情報通信機械器具製造業","26","","全規模","20240","","2024年度","","4,729,215"
"146","","輸送用機械器具製造業(集約)","26","","全規模","20040","","2004年度","","3,258,420"
"146","","輸送用機械器具製造業(集約)","26","","全規模","20050","","2005年度","","3,414,067"
"146","","輸送用機械器具製造業(集約)","26","","全規模","20060","","2006年度","","3,784,792"
"146","","輸送用機械器具製造業(集約)","26","","全規模","20070","","2007年度","","4,523,624"
"146","","輸送用機械器具製造業(集約)","26","","全規模","20080","","2008年度","","4,208,406"
"146","","輸送用機械器具製造業(集約)","26","","全規模","20090","","2009年度","","3,451,978"
"146","","輸送用機械器具製造業(集約)","26","","全規模","20100","","2010年度","","3,706,094"
"146","","輸送用機械器具製造業(集約)","26","","全規模","20110","","2011年度","","3,781,302"
"146","","輸送用機械器具製造業(集約)","26","","全規模","20120","","2012年度","","3,713,490"
"146","","輸送用機械器具製造業(集約)","26","","全規模","20130","","2013年度","","3,870,555"
"146","","輸送用機械器具製造業(集約)","26","","全規模","20140","","2014年度","","4,232,698"
"146","","輸送用機械器具製造業(集約)","26","","全規模","20150","","2015年度","","4,347,210"
"146","","輸送用機械器具製造業(集約)","26","","全規模","20160","","2016年度","","4,831,844"
"146","","輸送用機械器具製造業(集約)","26","","全規模","20170","","2017年度","","5,162,467"
"146","","輸送用機械器具製造業(集約)","26","","全規模","20180","","2018年度","","5,033,710"
"146","","輸送用機械器具製造業(集約)","26","","全規模","20190","","2019年度","","4,971,037"
"146","","輸送用機械器具製造業(集約)","26","","全規模","20200","","2020年度","","5,154,723"
"146","","輸送用機械器具製造業(集約)","26","","全規模","20210","","2021年度","","6,212,234"
"146","","輸送用機械器具製造業(集約)","26","","全規模","20220","","2022年度","","7,235,257"
"146","","輸送用機械器具製造業(集約)","26","","全規模","20230","","2023年度","","7,088,098"
"146","","輸送用機械器具製造業(集約)","26","","全規模","20240","","2024年度","","7,526,346"
"123","","自動車・同附属品製造業","26","","全規模","20000","","2000年度","","2,282,949"
"123","","自動車・同附属品製造業","26","","全規模","20010","","2001年度","","2,224,572"
"123","","自動車・同附属品製造業","26","","全規模","20020","","2002年度","","2,112,136"
"123","","自動車・同附属品製造業","26","","全規模","20030","","2003年度","","2,613,186"
"123","","自動車・同附属品製造業","26","","全規模","20040","","2004年度","","2,296,907"
"123","","自動車・同附属品製造業","26","","全規模","20050","","2005年度","","2,398,017"
"123","","自動車・同附属品製造業","26","","全規模","20060","","2006年度","","2,623,495"
"123","","自動車・同附属品製造業","26","","全規模","20070","","2007年度","","2,779,271"
"123","","自動車・同附属品製造業","26","","全規模","20080","","2008年度","","2,448,917"
"123","","自動車・同附属品製造業","26","","全規模","20090","","2009年度","","2,370,822"
"123","","自動車・同附属品製造業","26","","全規模","20100","","2010年度","","2,457,343"
"123","","自動車・同附属品製造業","26","","全規模","20110","","2011年度","","2,571,083"
"123","","自動車・同附属品製造業","26","","全規模","20120","","2012年度","","2,502,575"
"123","","自動車・同附属品製造業","26","","全規模","20130","","2013年度","","2,686,231"
"123","","自動車・同附属品製造業","26","","全規模","20140","","2014年度","","3,021,109"
"123","","自動車・同附属品製造業","26","","全規模","20150","","2015年度","","2,948,826"
"123","","自動車・同附属品製造業","26","","全規模","20160","","2016年度","","2,912,361"
"123","","自動車・同附属品製造業","26","","全規模","20170","","2017年度","","3,166,730"
"123","","自動車・同附属品製造業","26","","全規模","20180","","2018年度","","3,330,094"
"123","","自動車・同附属品製造業","26","","全規模","20190","","2019年度","","3,533,009"
"123","","自動車・同附属品製造業","26","","全規模","20200","","2020年度","","3,726,593"
"123","","自動車・同附属品製造業","26","","全規模","20210","","2021年度","","4,791,593"
"123","","自動車・同附属品製造業","26","","全規模","20220","","2022年度","","5,479,805"
"123","","自動車・同附属品製造業","26","","全規模","20230","","2023年度","","5,489,318"
"123","","自動車・同附属品製造業","26","","全規模","20240","","2024年度","","5,618,710"
"125","","その他の輸送用機械器具製造業","26","","全規模","20000","","2000年度","","2,220,883"
"125","","その他の輸送用機械器具製造業","26","","全規模","20010","","2001年度","","2,057,250"
"125","","その他の輸送用機械器具製造業","26","","全規模","20020","","2002年度","","1,943,786"
"125","","その他の輸送用機械器具製造業","26","","全規模","20030","","2003年度","","611,114"
"125","","その他の輸送用機械器具製造業","26","","全規模","20040","","2004年度","","961,513"
"125","","その他の輸送用機械器具製造業","26","","全規模","20050","","2005年度","","1,016,050"
"125","","その他の輸送用機械器具製造業","26","","全規模","20060","","2006年度","","1,161,297"
"125","","その他の輸送用機械器具製造業","26","","全規模","20070","","2007年度","","1,744,353"
"125","","その他の輸送用機械器具製造業","26","","全規模","20080","","2008年度","","1,759,489"
"125","","その他の輸送用機械器具製造業","26","","全規模","20090","","2009年度","","1,081,156"
"125","","その他の輸送用機械器具製造業","26","","全規模","20100","","2010年度","","1,248,751"
"125","","その他の輸送用機械器具製造業","26","","全規模","20110","","2011年度","","1,210,219"
"125","","その他の輸送用機械器具製造業","26","","全規模","20120","","2012年度","","1,210,915"
"125","","その他の輸送用機械器具製造業","26","","全規模","20130","","2013年度","","1,184,324"
"125","","その他の輸送用機械器具製造業","26","","全規模","20140","","2014年度","","1,211,589"
"125","","その他の輸送用機械器具製造業","26","","全規模","20150","","2015年度","","1,398,384"
"125","","その他の輸送用機械器具製造業","26","","全規模","20160","","2016年度","","1,919,483"
"125","","その他の輸送用機械器具製造業","26","","全規模","20170","","2017年度","","1,995,737"
"125","","その他の輸送用機械器具製造業","26","","全規模","20180","","2018年度","","1,703,616"
"125","","その他の輸送用機械器具製造業","26","","全規模","20190","","2019年度","","1,438,028"
"125","","その他の輸送用機械器具製造業","26","","全規模","20200","","2020年度","","1,428,130"
"125","","その他の輸送用機械器具製造業","26","","全規模","20210","","2021年度","","1,420,641"
"125","","その他の輸送用機械器具製造業","26","","全規模","20220","","2022年度","","1,755,452"
"125","","その他の輸送用機械器具製造業","26","","全規模","20230","","2023年度","","1,598,780"
"125","","その他の輸送用機械器具製造業","26","","全規模","20240","","2024年度","","1,907,636"
"126","","その他の製造業","26","","全規模","20000","","2000年度","","2,970,985"
"126","","その他の製造業","26","","全規模","20010","","2001年度","","2,741,747"
"126","","その他の製造業","26","","全規模","20020","","2002年度","","2,945,088"
"126","","その他の製造業","26","","全規模","20030","","2003年度","","3,131,804"
"126","","その他の製造業","26","","全規模","20040","","2004年度","","3,326,861"
"126","","その他の製造業","26","","全規模","20050","","2005年度","","3,014,591"
"126","","その他の製造業","26","","全規模","20060","","2006年度","","3,639,948"
"126","","その他の製造業","26","","全規模","20070","","2007年度","","3,535,342"
"126","","その他の製造業","26","","全規模","20080","","2008年度","","4,742,946"
"126","","その他の製造業","26","","全規模","20090","","2009年度","","3,442,814"
"126","","その他の製造業","26","","全規模","20100","","2010年度","","2,975,772"
"126","","その他の製造業","26","","全規模","20110","","2011年度","","3,284,528"
"126","","その他の製造業","26","","全規模","20120","","2012年度","","3,323,103"
"126","","その他の製造業","26","","全規模","20130","","2013年度","","3,135,118"
"126","","その他の製造業","26","","全規模","20140","","2014年度","","3,466,450"
"126","","その他の製造業","26","","全規模","20150","","2015年度","","3,067,306"
"126","","その他の製造業","26","","全規模","20160","","2016年度","","3,052,497"
"126","","その他の製造業","26","","全規模","20170","","2017年度","","3,529,152"
"126","","その他の製造業","26","","全規模","20180","","2018年度","","3,418,896"
"126","","その他の製造業","26","","全規模","20190","","2019年度","","3,887,674"
"126","","その他の製造業","26","","全規模","20200","","2020年度","","3,472,969"
"126","","その他の製造業","26","","全規模","20210","","2021年度","","3,894,202"
"126","","その他の製造業","26","","全規模","20220","","2022年度","","4,320,305"
"126","","その他の製造業","26","","全規模","20230","","2023年度","","4,951,514"
"126","","その他の製造業","26","","全規模","20240","","2024年度","","5,263,070"
"144","","非製造業","26","","全規模","20000","","2000年度","","69,817,005"
"144","","非製造業","26","","全規模","20010","","2001年度","","65,545,223"
"144","","非製造業","26","","全規模","20020","","2002年度","","64,247,748"
"144","","非製造業","26","","全規模","20030","","2003年度","","60,942,317"
"144","","非製造業","26","","全規模","20040","","2004年度","","61,776,197"
"144","","非製造業","26","","全規模","20050","","2005年度","","68,619,128"
"144","","非製造業","26","","全規模","20060","","2006年度","","70,773,045"
"144","","非製造業","26","","全規模","20070","","2007年度","","77,099,808"
"144","","非製造業","26","","全規模","20080","","2008年度","","71,691,954"
"144","","非製造業","26","","全規模","20090","","2009年度","","73,287,525"
"144","","非製造業","26","","全規模","20100","","2010年度","","62,636,821"
"144","","非製造業","26","","全規模","20110","","2011年度","","63,603,786"
"144","","非製造業","26","","全規模","20120","","2012年度","","64,007,426"
"144","","非製造業","26","","全規模","20130","","2013年度","","66,113,859"
"144","","非製造業","26","","全規模","20140","","2014年度","","69,090,566"
"144","","非製造業","26","","全規模","20150","","2015年度","","67,201,418"
"144","","非製造業","26","","全規模","20160","","2016年度","","67,171,498"
"144","","非製造業","26","","全規模","20170","","2017年度","","75,457,747"
"144","","非製造業","26","","全規模","20180","","2018年度","","77,815,396"
"144","","非製造業","26","","全規模","20190","","2019年度","","73,813,961"
"144","","非製造業","26","","全規模","20200","","2020年度","","73,951,148"
"144","","非製造業","26","","全規模","20210","","2021年度","","79,821,831"
"144","","非製造業","26","","全規模","20220","","2022年度","","87,439,763"
"144","","非製造業","26","","全規模","20230","","2023年度","","92,924,340"
"144","","非製造業","26","","全規模","20240","","2024年度","","97,491,994"
"105","","農林水産業(集約)","26","","全規模","20000","","2000年度","","568,151"
"105","","農林水産業(集約)","26","","全規模","20010","","2001年度","","799,241"
"105","","農林水産業(集約)","26","","全規模","20020","","2002年度","","561,170"
"105","","農林水産業(集約)","26","","全規模","20030","","2003年度","","792,601"
"105","","農林水産業(集約)","26","","全規模","20040","","2004年度","","597,555"
"105","","農林水産業(集約)","26","","全規模","20050","","2005年度","","1,232,324"
"105","","農林水産業(集約)","26","","全規模","20060","","2006年度","","486,202"
"105","","農林水産業(集約)","26","","全規模","20070","","2007年度","","462,637"
"105","","農林水産業(集約)","26","","全規模","20080","","2008年度","","902,226"
"105","","農林水産業(集約)","26","","全規模","20090","","2009年度","","547,929"
"105","","農林水産業(集約)","26","","全規模","20100","","2010年度","","609,900"
"105","","農林水産業(集約)","26","","全規模","20110","","2011年度","","763,964"
"105","","農林水産業(集約)","26","","全規模","20120","","2012年度","","628,615"
"105","","農林水産業(集約)","26","","全規模","20130","","2013年度","","565,884"
"105","","農林水産業(集約)","26","","全規模","20140","","2014年度","","636,468"
"105","","農林水産業(集約)","26","","全規模","20150","","2015年度","","737,826"
"105","","農林水産業(集約)","26","","全規模","20160","","2016年度","","675,140"
"105","","農林水産業(集約)","26","","全規模","20170","","2017年度","","1,982,565"
"105","","農林水産業(集約)","26","","全規模","20180","","2018年度","","1,688,995"
"105","","農林水産業(集約)","26","","全規模","20190","","2019年度","","1,018,900"
"105","","農林水産業(集約)","26","","全規模","20200","","2020年度","","1,042,916"
"105","","農林水産業(集約)","26","","全規模","20210","","2021年度","","951,989"
"105","","農林水産業(集約)","26","","全規模","20220","","2022年度","","800,811"
"105","","農林水産業(集約)","26","","全規模","20230","","2023年度","","878,098"
"105","","農林水産業(集約)","26","","全規模","20240","","2024年度","","918,819"
"101","","農業、林業","26","","全規模","20090","","2009年度","","400,543"
"101","","農業、林業","26","","全規模","20100","","2010年度","","463,838"
"101","","農業、林業","26","","全規模","20110","","2011年度","","552,304"
"101","","農業、林業","26","","全規模","20120","","2012年度","","411,434"
"101","","農業、林業","26","","全規模","20130","","2013年度","","258,260"
"101","","農業、林業","26","","全規模","20140","","2014年度","","321,878"
"101","","農業、林業","26","","全規模","20150","","2015年度","","557,279"
"101","","農業、林業","26","","全規模","20160","","2016年度","","540,965"
"101","","農業、林業","26","","全規模","20170","","2017年度","","1,814,716"
"101","","農業、林業","26","","全規模","20180","","2018年度","","1,481,125"
"101","","農業、林業","26","","全規模","20190","","2019年度","","799,794"
"101","","農業、林業","26","","全規模","20200","","2020年度","","796,126"
"101","","農業、林業","26","","全規模","20210","","2021年度","","786,187"
"101","","農業、林業","26","","全規模","20220","","2022年度","","589,149"
"101","","農業、林業","26","","全規模","20230","","2023年度","","497,231"
"101","","農業、林業","26","","全規模","20240","","2024年度","","636,566"
"162","","農業(H20年度まで)","26","","全規模","20000","","2000年度","","309,952"
"162","","農業(H20年度まで)","26","","全規模","20010","","2001年度","","505,943"
"162","","農業(H20年度まで)","26","","全規模","20020","","2002年度","","307,281"
"162","","農業(H20年度まで)","26","","全規模","20030","","2003年度","","569,119"
"162","","農業(H20年度まで)","26","","全規模","20040","","2004年度","","406,242"
"162","","農業(H20年度まで)","26","","全規模","20050","","2005年度","","947,639"
"162","","農業(H20年度まで)","26","","全規模","20060","","2006年度","","320,267"
"162","","農業(H20年度まで)","26","","全規模","20070","","2007年度","","288,458"
"162","","農業(H20年度まで)","26","","全規模","20080","","2008年度","","695,701"
"102","","林業(H20年度まで)","26","","全規模","20000","","2000年度","","35,700"
"102","","林業(H20年度まで)","26","","全規模","20010","","2001年度","","42,813"
"102","","林業(H20年度まで)","26","","全規模","20020","","2002年度","","27,914"
"102","","林業(H20年度まで)","26","","全規模","20030","","2003年度","","42,370"
"102","","林業(H20年度まで)","26","","全規模","20040","","2004年度","","22,030"
"102","","林業(H20年度まで)","26","","全規模","20050","","2005年度","","38,152"
"102","","林業(H20年度まで)","26","","全規模","20060","","2006年度","","15,827"
"102","","林業(H20年度まで)","26","","全規模","20070","","2007年度","","22,495"
"102","","林業(H20年度まで)","26","","全規模","20080","","2008年度","","27,171"
"103","","漁業","26","","全規模","20000","","2000年度","","222,499"
"103","","漁業","26","","全規模","20010","","2001年度","","250,485"
"103","","漁業","26","","全規模","20020","","2002年度","","225,975"
"103","","漁業","26","","全規模","20030","","2003年度","","181,112"
"103","","漁業","26","","全規模","20040","","2004年度","","169,283"
"103","","漁業","26","","全規模","20050","","2005年度","","246,533"
"103","","漁業","26","","全規模","20060","","2006年度","","150,108"
"103","","漁業","26","","全規模","20070","","2007年度","","151,684"
"103","","漁業","26","","全規模","20080","","2008年度","","179,354"
"103","","漁業","26","","全規模","20090","","2009年度","","147,386"
"103","","漁業","26","","全規模","20100","","2010年度","","146,062"
"103","","漁業","26","","全規模","20110","","2011年度","","211,660"
"103","","漁業","26","","全規模","20120","","2012年度","","217,181"
"103","","漁業","26","","全規模","20130","","2013年度","","307,624"
"103","","漁業","26","","全規模","20140","","2014年度","","314,590"
"103","","漁業","26","","全規模","20150","","2015年度","","180,547"
"103","","漁業","26","","全規模","20160","","2016年度","","134,175"
"103","","漁業","26","","全規模","20170","","2017年度","","167,849"
"103","","漁業","26","","全規模","20180","","2018年度","","207,870"
"103","","漁業","26","","全規模","20190","","2019年度","","219,106"
"103","","漁業","26","","全規模","20200","","2020年度","","246,790"
"103","","漁業","26","","全規模","20210","","2021年度","","165,802"
"103","","漁業","26","","全規模","20220","","2022年度","","211,662"
"103","","漁業","26","","全規模","20230","","2023年度","","380,867"
"103","","漁業","26","","全規模","20240","","2024年度","","282,253"
"106","","鉱業、採石業、砂利採取業","26","","全規模","20000","","2000年度","","214,500"
"106","","鉱業、採石業、砂利採取業","26","","全規模","20010","","2001年度","","190,227"
"106","","鉱業、採石業、砂利採取業","26","","全規模","20020","","2002年度","","170,813"
"106","","鉱業、採石業、砂利採取業","26","","全規模","20030","","2003年度","","140,978"
"106","","鉱業、採石業、砂利採取業","26","","全規模","20040","","2004年度","","132,669"
"106","","鉱業、採石業、砂利採取業","26","","全規模","20050","","2005年度","","171,277"
"106","","鉱業、採石業、砂利採取業","26","","全規模","20060","","2006年度","","144,243"
"106","","鉱業、採石業、砂利採取業","26","","全規模","20070","","2007年度","","183,799"
"106","","鉱業、採石業、砂利採取業","26","","全規模","20080","","2008年度","","187,415"
"106","","鉱業、採石業、砂利採取業","26","","全規模","20090","","2009年度","","194,707"
"106","","鉱業、採石業、砂利採取業","26","","全規模","20100","","2010年度","","205,563"
"106","","鉱業、採石業、砂利採取業","26","","全規模","20110","","2011年度","","152,916"
"106","","鉱業、採石業、砂利採取業","26","","全規模","20120","","2012年度","","156,455"
"106","","鉱業、採石業、砂利採取業","26","","全規模","20130","","2013年度","","165,172"
"106","","鉱業、採石業、砂利採取業","26","","全規模","20140","","2014年度","","114,570"
"106","","鉱業、採石業、砂利採取業","26","","全規模","20150","","2015年度","","157,580"
"106","","鉱業、採石業、砂利採取業","26","","全規模","20160","","2016年度","","158,236"
"106","","鉱業、採石業、砂利採取業","26","","全規模","20170","","2017年度","","144,773"
"106","","鉱業、採石業、砂利採取業","26","","全規模","20180","","2018年度","","150,554"
"106","","鉱業、採石業、砂利採取業","26","","全規模","20190","","2019年度","","157,956"
"106","","鉱業、採石業、砂利採取業","26","","全規模","20200","","2020年度","","146,906"
"106","","鉱業、採石業、砂利採取業","26","","全規模","20210","","2021年度","","177,539"
"106","","鉱業、採石業、砂利採取業","26","","全規模","20220","","2022年度","","215,412"
"106","","鉱業、採石業、砂利採取業","26","","全規模","20230","","2023年度","","194,392"
"106","","鉱業、採石業、砂利採取業","26","","全規模","20240","","2024年度","","146,242"
"107","","建設業","26","","全規模","20000","","2000年度","","22,614,920"
"107","","建設業","26","","全規模","20010","","2001年度","","20,537,740"
"107","","建設業","26","","全規模","20020","","2002年度","","19,087,773"
"107","","建設業","26","","全規模","20030","","2003年度","","16,580,462"
"107","","建設業","26","","全規模","20040","","2004年度","","16,702,896"
"107","","建設業","26","","全規模","20050","","2005年度","","16,359,487"
"107","","建設業","26","","全規模","20060","","2006年度","","17,598,296"
"107","","建設業","26","","全規模","20070","","2007年度","","17,397,848"
"107","","建設業","26","","全規模","20080","","2008年度","","17,657,419"
"107","","建設業","26","","全規模","20090","","2009年度","","12,104,890"
"107","","建設業","26","","全規模","20100","","2010年度","","12,325,768"
"107","","建設業","26","","全規模","20110","","2011年度","","12,029,116"
"107","","建設業","26","","全規模","20120","","2012年度","","11,140,799"
"107","","建設業","26","","全規模","20130","","2013年度","","11,566,537"
"107","","建設業","26","","全規模","20140","","2014年度","","11,537,150"
"107","","建設業","26","","全規模","20150","","2015年度","","10,822,816"
"107","","建設業","26","","全規模","20160","","2016年度","","10,931,872"
"107","","建設業","26","","全規模","20170","","2017年度","","12,263,872"
"107","","建設業","26","","全規模","20180","","2018年度","","17,223,496"
"107","","建設業","26","","全規模","20190","","2019年度","","12,199,453"
"107","","建設業","26","","全規模","20200","","2020年度","","10,799,916"
"107","","建設業","26","","全規模","20210","","2021年度","","12,336,763"
"107","","建設業","26","","全規模","20220","","2022年度","","13,787,520"
"107","","建設業","26","","全規模","20230","","2023年度","","14,531,758"
"107","","建設業","26","","全規模","20240","","2024年度","","14,286,791"
"135","","電気業","26","","全規模","20000","","2000年度","","308,681"
"135","","電気業","26","","全規模","20010","","2001年度","","325,409"
"135","","電気業","26","","全規模","20020","","2002年度","","296,341"
"135","","電気業","26","","全規模","20030","","2003年度","","275,755"
"135","","電気業","26","","全規模","20040","","2004年度","","292,780"
"135","","電気業","26","","全規模","20050","","2005年度","","402,069"
"135","","電気業","26","","全規模","20060","","2006年度","","471,350"
"135","","電気業","26","","全規模","20070","","2007年度","","564,514"
"135","","電気業","26","","全規模","20080","","2008年度","","621,566"
"135","","電気業","26","","全規模","20090","","2009年度","","550,034"
"135","","電気業","26","","全規模","20100","","2010年度","","592,778"
"135","","電気業","26","","全規模","20110","","2011年度","","715,647"
"135","","電気業","26","","全規模","20120","","2012年度","","810,762"
"135","","電気業","26","","全規模","20130","","2013年度","","851,134"
"135","","電気業","26","","全規模","20140","","2014年度","","787,477"
"135","","電気業","26","","全規模","20150","","2015年度","","602,966"
"135","","電気業","26","","全規模","20160","","2016年度","","606,407"
"135","","電気業","26","","全規模","20170","","2017年度","","683,951"
"135","","電気業","26","","全規模","20180","","2018年度","","742,784"
"135","","電気業","26","","全規模","20190","","2019年度","","695,426"
"135","","電気業","26","","全規模","20200","","2020年度","","609,647"
"135","","電気業","26","","全規模","20210","","2021年度","","884,799"
"135","","電気業","26","","全規模","20220","","2022年度","","1,496,771"
"135","","電気業","26","","全規模","20230","","2023年度","","1,006,061"
"135","","電気業","26","","全規模","20240","","2024年度","","1,005,771"
"136","","ガス・熱供給・水道業","26","","全規模","20000","","2000年度","","77,849"
"136","","ガス・熱供給・水道業","26","","全規模","20010","","2001年度","","70,985"
"136","","ガス・熱供給・水道業","26","","全規模","20020","","2002年度","","60,619"
"136","","ガス・熱供給・水道業","26","","全規模","20030","","2003年度","","64,974"
"136","","ガス・熱供給・水道業","26","","全規模","20040","","2004年度","","77,816"
"136","","ガス・熱供給・水道業","26","","全規模","20050","","2005年度","","88,713"
"136","","ガス・熱供給・水道業","26","","全規模","20060","","2006年度","","104,705"
"136","","ガス・熱供給・水道業","26","","全規模","20070","","2007年度","","120,895"
"136","","ガス・熱供給・水道業","26","","全規模","20080","","2008年度","","139,435"
"136","","ガス・熱供給・水道業","26","","全規模","20090","","2009年度","","91,835"
"136","","ガス・熱供給・水道業","26","","全規模","20100","","2010年度","","94,104"
"136","","ガス・熱供給・水道業","26","","全規模","20110","","2011年度","","118,791"
"136","","ガス・熱供給・水道業","26","","全規模","20120","","2012年度","","167,566"
"136","","ガス・熱供給・水道業","26","","全規模","20130","","2013年度","","157,844"
"136","","ガス・熱供給・水道業","26","","全規模","20140","","2014年度","","194,490"
"136","","ガス・熱供給・水道業","26","","全規模","20150","","2015年度","","124,993"
"136","","ガス・熱供給・水道業","26","","全規模","20160","","2016年度","","115,070"
"136","","ガス・熱供給・水道業","26","","全規模","20170","","2017年度","","138,420"
"136","","ガス・熱供給・水道業","26","","全規模","20180","","2018年度","","190,244"
"136","","ガス・熱供給・水道業","26","","全規模","20190","","2019年度","","173,612"
"136","","ガス・熱供給・水道業","26","","全規模","20200","","2020年度","","115,275"
"136","","ガス・熱供給・水道業","26","","全規模","20210","","2021年度","","182,467"
"136","","ガス・熱供給・水道業","26","","全規模","20220","","2022年度","","364,783"
"136","","ガス・熱供給・水道業","26","","全規模","20230","","2023年度","","272,428"
"136","","ガス・熱供給・水道業","26","","全規模","20240","","2024年度","","259,302"
"142","","情報通信業","26","","全規模","20000","","2000年度","","99,446"
"142","","情報通信業","26","","全規模","20010","","2001年度","","103,281"
"142","","情報通信業","26","","全規模","20020","","2002年度","","91,623"
"142","","情報通信業","26","","全規模","20030","","2003年度","","113,379"
"142","","情報通信業","26","","全規模","20040","","2004年度","","1,440,466"
"142","","情報通信業","26","","全規模","20050","","2005年度","","1,659,328"
"142","","情報通信業","26","","全規模","20060","","2006年度","","1,569,357"
"142","","情報通信業","26","","全規模","20070","","2007年度","","1,541,126"
"142","","情報通信業","26","","全規模","20080","","2008年度","","1,794,843"
"142","","情報通信業","26","","全規模","20090","","2009年度","","1,587,736"
"142","","情報通信業","26","","全規模","20100","","2010年度","","1,672,160"
"142","","情報通信業","26","","全規模","20110","","2011年度","","2,174,863"
"142","","情報通信業","26","","全規模","20120","","2012年度","","1,840,578"
"142","","情報通信業","26","","全規模","20130","","2013年度","","2,237,229"
"142","","情報通信業","26","","全規模","20140","","2014年度","","2,032,247"
"142","","情報通信業","26","","全規模","20150","","2015年度","","2,166,457"
"142","","情報通信業","26","","全規模","20160","","2016年度","","1,916,908"
"142","","情報通信業","26","","全規模","20170","","2017年度","","1,867,822"
"142","","情報通信業","26","","全規模","20180","","2018年度","","1,908,121"
"142","","情報通信業","26","","全規模","20190","","2019年度","","2,122,937"
"142","","情報通信業","26","","全規模","20200","","2020年度","","2,159,473"
"142","","情報通信業","26","","全規模","20210","","2021年度","","2,387,611"
"142","","情報通信業","26","","全規模","20220","","2022年度","","2,492,049"
"142","","情報通信業","26","","全規模","20230","","2023年度","","2,863,752"
"142","","情報通信業","26","","全規模","20240","","2024年度","","3,501,554"
"134","","運輸業、郵便業(集約)","26","","全規模","20000","","2000年度","","2,336,619"
"134","","運輸業、郵便業(集約)","26","","全規模","20010","","2001年度","","2,011,338"
"134","","運輸業、郵便業(集約)","26","","全規模","20020","","2002年度","","1,934,483"
"134","","運輸業、郵便業(集約)","26","","全規模","20030","","2003年度","","1,822,884"
"134","","運輸業、郵便業(集約)","26","","全規模","20040","","2004年度","","1,358,160"
"134","","運輸業、郵便業(集約)","26","","全規模","20050","","2005年度","","1,271,793"
"134","","運輸業、郵便業(集約)","26","","全規模","20060","","2006年度","","2,741,004"
"134","","運輸業、郵便業(集約)","26","","全規模","20070","","2007年度","","2,696,123"
"134","","運輸業、郵便業(集約)","26","","全規模","20080","","2008年度","","3,159,070"
"134","","運輸業、郵便業(集約)","26","","全規模","20090","","2009年度","","3,198,034"
"134","","運輸業、郵便業(集約)","26","","全規模","20100","","2010年度","","3,423,872"
"134","","運輸業、郵便業(集約)","26","","全規模","20110","","2011年度","","3,910,446"
"134","","運輸業、郵便業(集約)","26","","全規模","20120","","2012年度","","3,755,398"
"134","","運輸業、郵便業(集約)","26","","全規模","20130","","2013年度","","3,698,527"
"134","","運輸業、郵便業(集約)","26","","全規模","20140","","2014年度","","3,580,409"
"134","","運輸業、郵便業(集約)","26","","全規模","20150","","2015年度","","3,490,910"
"134","","運輸業、郵便業(集約)","26","","全規模","20160","","2016年度","","3,781,029"
"134","","運輸業、郵便業(集約)","26","","全規模","20170","","2017年度","","3,754,926"
"134","","運輸業、郵便業(集約)","26","","全規模","20180","","2018年度","","3,217,395"
"134","","運輸業、郵便業(集約)","26","","全規模","20190","","2019年度","","3,551,123"
"134","","運輸業、郵便業(集約)","26","","全規模","20200","","2020年度","","4,157,558"
"134","","運輸業、郵便業(集約)","26","","全規模","20210","","2021年度","","4,153,348"
"134","","運輸業、郵便業(集約)","26","","全規模","20220","","2022年度","","4,675,431"
"134","","運輸業、郵便業(集約)","26","","全規模","20230","","2023年度","","5,788,561"
"134","","運輸業、郵便業(集約)","26","","全規模","20240","","2024年度","","6,453,375"
"131","","陸運業","26","","全規模","20000","","2000年度","","1,626,072"
"131","","陸運業","26","","全規模","20010","","2001年度","","1,447,523"
"131","","陸運業","26","","全規模","20020","","2002年度","","1,393,780"
"131","","陸運業","26","","全規模","20030","","2003年度","","1,154,830"
"131","","陸運業","26","","全規模","20040","","2004年度","","1,097,080"
"131","","陸運業","26","","全規模","20050","","2005年度","","952,239"
"131","","陸運業","26","","全規模","20060","","2006年度","","1,642,522"
"131","","陸運業","26","","全規模","20070","","2007年度","","729,393"
"131","","陸運業","26","","全規模","20080","","2008年度","","738,285"
"131","","陸運業","26","","全規模","20090","","2009年度","","710,108"
"131","","陸運業","26","","全規模","20100","","2010年度","","673,497"
"131","","陸運業","26","","全規模","20110","","2011年度","","693,158"
"131","","陸運業","26","","全規模","20120","","2012年度","","642,683"
"131","","陸運業","26","","全規模","20130","","2013年度","","762,814"
"131","","陸運業","26","","全規模","20140","","2014年度","","695,500"
"131","","陸運業","26","","全規模","20150","","2015年度","","451,341"
"131","","陸運業","26","","全規模","20160","","2016年度","","455,044"
"131","","陸運業","26","","全規模","20170","","2017年度","","476,879"
"131","","陸運業","26","","全規模","20180","","2018年度","","489,332"
"131","","陸運業","26","","全規模","20190","","2019年度","","456,456"
"131","","陸運業","26","","全規模","20200","","2020年度","","479,344"
"131","","陸運業","26","","全規模","20210","","2021年度","","521,232"
"131","","陸運業","26","","全規模","20220","","2022年度","","574,907"
"131","","陸運業","26","","全規模","20230","","2023年度","","722,201"
"131","","陸運業","26","","全規模","20240","","2024年度","","780,362"
"132","","水運業","26","","全規模","20000","","2000年度","","71,168"
"132","","水運業","26","","全規模","20010","","2001年度","","44,857"
"132","","水運業","26","","全規模","20020","","2002年度","","56,095"
"132","","水運業","26","","全規模","20030","","2003年度","","68,821"
"132","","水運業","26","","全規模","20040","","2004年度","","59,411"
"132","","水運業","26","","全規模","20050","","2005年度","","115,904"
"132","","水運業","26","","全規模","20060","","2006年度","","114,368"
"132","","水運業","26","","全規模","20070","","2007年度","","184,534"
"132","","水運業","26","","全規模","20080","","2008年度","","94,152"
"132","","水運業","26","","全規模","20090","","2009年度","","136,022"
"132","","水運業","26","","全規模","20100","","2010年度","","193,254"
"132","","水運業","26","","全規模","20110","","2011年度","","176,453"
"132","","水運業","26","","全規模","20120","","2012年度","","191,361"
"132","","水運業","26","","全規模","20130","","2013年度","","194,926"
"132","","水運業","26","","全規模","20140","","2014年度","","140,597"
"132","","水運業","26","","全規模","20150","","2015年度","","84,890"
"132","","水運業","26","","全規模","20160","","2016年度","","132,789"
"132","","水運業","26","","全規模","20170","","2017年度","","147,390"
"132","","水運業","26","","全規模","20180","","2018年度","","143,923"
"132","","水運業","26","","全規模","20190","","2019年度","","287,947"
"132","","水運業","26","","全規模","20200","","2020年度","","309,457"
"132","","水運業","26","","全規模","20210","","2021年度","","236,713"
"132","","水運業","26","","全規模","20220","","2022年度","","184,912"
"132","","水運業","26","","全規模","20230","","2023年度","","219,725"
"132","","水運業","26","","全規模","20240","","2024年度","","212,992"
"133","","その他の運輸業","26","","全規模","20000","","2000年度","","639,379"
"133","","その他の運輸業","26","","全規模","20010","","2001年度","","518,958"
"133","","その他の運輸業","26","","全規模","20020","","2002年度","","484,608"
"133","","その他の運輸業","26","","全規模","20030","","2003年度","","599,233"
"133","","その他の運輸業","26","","全規模","20040","","2004年度","","201,669"
"133","","その他の運輸業","26","","全規模","20050","","2005年度","","203,650"
"133","","その他の運輸業","26","","全規模","20060","","2006年度","","984,114"
"133","","その他の運輸業","26","","全規模","20070","","2007年度","","1,782,196"
"133","","その他の運輸業","26","","全規模","20080","","2008年度","","2,326,633"
"133","","その他の運輸業","26","","全規模","20090","","2009年度","","2,351,904"
"133","","その他の運輸業","26","","全規模","20100","","2010年度","","2,557,121"
"133","","その他の運輸業","26","","全規模","20110","","2011年度","","3,040,835"
"133","","その他の運輸業","26","","全規模","20120","","2012年度","","2,921,354"
"133","","その他の運輸業","26","","全規模","20130","","2013年度","","2,740,787"
"133","","その他の運輸業","26","","全規模","20140","","2014年度","","2,744,312"
"133","","その他の運輸業","26","","全規模","20150","","2015年度","","2,954,679"
"133","","その他の運輸業","26","","全規模","20160","","2016年度","","3,193,196"
"133","","その他の運輸業","26","","全規模","20170","","2017年度","","3,130,657"
"133","","その他の運輸業","26","","全規模","20180","","2018年度","","2,584,140"
"133","","その他の運輸業","26","","全規模","20190","","2019年度","","2,806,720"
"133","","その他の運輸業","26","","全規模","20200","","2020年度","","3,368,757"
"133","","その他の運輸業","26","","全規模","20210","","2021年度","","3,395,403"
"133","","その他の運輸業","26","","全規模","20220","","2022年度","","3,915,612"
"133","","その他の運輸業","26","","全規模","20230","","2023年度","","4,846,635"
"133","","その他の運輸業","26","","全規模","20240","","2024年度","","5,460,021"
"129","","卸売業・小売業(集約)","26","","全規模","20000","","2000年度","","29,740,343"
"129","","卸売業・小売業(集約)","26","","全規模","20010","","2001年度","","26,584,555"
"129","","卸売業・小売業(集約)","26","","全規模","20020","","2002年度","","27,964,786"
"129","","卸売業・小売業(集約)","26","","全規模","20030","","2003年度","","26,882,387"
"129","","卸売業・小売業(集約)","26","","全規模","20040","","2004年度","","28,531,454"
"129","","卸売業・小売業(集約)","26","","全規模","20050","","2005年度","","31,210,325"
"129","","卸売業・小売業(集約)","26","","全規模","20060","","2006年度","","31,510,004"
"129","","卸売業・小売業(集約)","26","","全規模","20070","","2007年度","","28,755,575"
"129","","卸売業・小売業(集約)","26","","全規模","20080","","2008年度","","30,555,285"
"129","","卸売業・小売業(集約)","26","","全規模","20090","","2009年度","","29,017,114"
"129","","卸売業・小売業(集約)","26","","全規模","20100","","2010年度","","29,780,031"
"129","","卸売業・小売業(集約)","26","","全規模","20110","","2011年度","","31,249,564"
"129","","卸売業・小売業(集約)","26","","全規模","20120","","2012年度","","31,341,974"
"129","","卸売業・小売業(集約)","26","","全規模","20130","","2013年度","","32,309,465"
"129","","卸売業・小売業(集約)","26","","全規模","20140","","2014年度","","35,806,795"
"129","","卸売業・小売業(集約)","26","","全規模","20150","","2015年度","","34,427,676"
"129","","卸売業・小売業(集約)","26","","全規模","20160","","2016年度","","31,356,170"
"129","","卸売業・小売業(集約)","26","","全規模","20170","","2017年度","","35,555,925"
"129","","卸売業・小売業(集約)","26","","全規模","20180","","2018年度","","34,483,618"
"129","","卸売業・小売業(集約)","26","","全規模","20190","","2019年度","","34,489,902"
"129","","卸売業・小売業(集約)","26","","全規模","20200","","2020年度","","33,059,645"
"129","","卸売業・小売業(集約)","26","","全規模","20210","","2021年度","","36,139,495"
"129","","卸売業・小売業(集約)","26","","全規模","20220","","2022年度","","40,557,458"
"129","","卸売業・小売業(集約)","26","","全規模","20230","","2023年度","","40,831,503"
"129","","卸売業・小売業(集約)","26","","全規模","20240","","2024年度","","41,374,229"
"127","","卸売業","26","","全規模","20000","","2000年度","","18,181,581"
"127","","卸売業","26","","全規模","20010","","2001年度","","15,542,439"
"127","","卸売業","26","","全規模","20020","","2002年度","","15,988,170"
"127","","卸売業","26","","全規模","20030","","2003年度","","15,063,863"
"127","","卸売業","26","","全規模","20040","","2004年度","","17,307,045"
"127","","卸売業","26","","全規模","20050","","2005年度","","18,043,541"
"127","","卸売業","26","","全規模","20060","","2006年度","","19,084,053"
"127","","卸売業","26","","全規模","20070","","2007年度","","17,810,307"
"127","","卸売業","26","","全規模","20080","","2008年度","","18,249,578"
"127","","卸売業","26","","全規模","20090","","2009年度","","16,283,752"
"127","","卸売業","26","","全規模","20100","","2010年度","","17,366,542"
"127","","卸売業","26","","全規模","20110","","2011年度","","18,504,715"
"127","","卸売業","26","","全規模","20120","","2012年度","","19,629,810"
"127","","卸売業","26","","全規模","20130","","2013年度","","19,387,222"
"127","","卸売業","26","","全規模","20140","","2014年度","","20,457,743"
"127","","卸売業","26","","全規模","20150","","2015年度","","19,883,063"
"127","","卸売業","26","","全規模","20160","","2016年度","","18,444,218"
"127","","卸売業","26","","全規模","20170","","2017年度","","21,532,030"
"127","","卸売業","26","","全規模","20180","","2018年度","","20,618,206"
"127","","卸売業","26","","全規模","20190","","2019年度","","19,404,077"
"127","","卸売業","26","","全規模","20200","","2020年度","","18,893,075"
"127","","卸売業","26","","全規模","20210","","2021年度","","21,732,621"
"127","","卸売業","26","","全規模","20220","","2022年度","","24,672,575"
"127","","卸売業","26","","全規模","20230","","2023年度","","24,182,616"
"127","","卸売業","26","","全規模","20240","","2024年度","","27,064,931"
"128","","小売業","26","","全規模","20000","","2000年度","","11,558,762"
"128","","小売業","26","","全規模","20010","","2001年度","","11,042,116"
"128","","小売業","26","","全規模","20020","","2002年度","","11,976,616"
"128","","小売業","26","","全規模","20030","","2003年度","","11,818,524"
"128","","小売業","26","","全規模","20040","","2004年度","","11,224,409"
"128","","小売業","26","","全規模","20050","","2005年度","","13,166,784"
"128","","小売業","26","","全規模","20060","","2006年度","","12,425,951"
"128","","小売業","26","","全規模","20070","","2007年度","","10,945,268"
"128","","小売業","26","","全規模","20080","","2008年度","","12,305,707"
"128","","小売業","26","","全規模","20090","","2009年度","","12,733,362"
"128","","小売業","26","","全規模","20100","","2010年度","","12,413,489"
"128","","小売業","26","","全規模","20110","","2011年度","","12,744,849"
"128","","小売業","26","","全規模","20120","","2012年度","","11,712,164"
"128","","小売業","26","","全規模","20130","","2013年度","","12,922,243"
"128","","小売業","26","","全規模","20140","","2014年度","","15,349,052"
"128","","小売業","26","","全規模","20150","","2015年度","","14,544,613"
"128","","小売業","26","","全規模","20160","","2016年度","","12,911,952"
"128","","小売業","26","","全規模","20170","","2017年度","","14,023,895"
"128","","小売業","26","","全規模","20180","","2018年度","","13,865,412"
"128","","小売業","26","","全規模","20190","","2019年度","","15,085,825"
"128","","小売業","26","","全規模","20200","","2020年度","","14,166,570"
"128","","小売業","26","","全規模","20210","","2021年度","","14,406,874"
"128","","小売業","26","","全規模","20220","","2022年度","","15,884,883"
"128","","小売業","26","","全規模","20230","","2023年度","","16,648,887"
"128","","小売業","26","","全規模","20240","","2024年度","","14,309,298"
"155","","不動産業、物品賃貸業(集約)","26","","全規模","20090","","2009年度","","22,926,448"
"155","","不動産業、物品賃貸業(集約)","26","","全規模","20100","","2010年度","","10,865,677"
"155","","不動産業、物品賃貸業(集約)","26","","全規模","20110","","2011年度","","9,573,504"
"155","","不動産業、物品賃貸業(集約)","26","","全規模","20120","","2012年度","","10,733,583"
"155","","不動産業、物品賃貸業(集約)","26","","全規模","20130","","2013年度","","11,137,694"
"155","","不動産業、物品賃貸業(集約)","26","","全規模","20140","","2014年度","","11,765,570"
"155","","不動産業、物品賃貸業(集約)","26","","全規模","20150","","2015年度","","11,757,217"
"155","","不動産業、物品賃貸業(集約)","26","","全規模","20160","","2016年度","","14,265,416"
"155","","不動産業、物品賃貸業(集約)","26","","全規模","20170","","2017年度","","15,278,606"
"155","","不動産業、物品賃貸業(集約)","26","","全規模","20180","","2018年度","","14,664,879"
"155","","不動産業、物品賃貸業(集約)","26","","全規模","20190","","2019年度","","15,401,326"
"155","","不動産業、物品賃貸業(集約)","26","","全規模","20200","","2020年度","","17,761,950"
"155","","不動産業、物品賃貸業(集約)","26","","全規模","20210","","2021年度","","18,913,452"
"155","","不動産業、物品賃貸業(集約)","26","","全規模","20220","","2022年度","","18,715,460"
"155","","不動産業、物品賃貸業(集約)","26","","全規模","20230","","2023年度","","22,348,836"
"155","","不動産業、物品賃貸業(集約)","26","","全規模","20240","","2024年度","","24,452,595"
"130","","不動産業","26","","全規模","20000","","2000年度","","10,809,415"
"130","","不動産業","26","","全規模","20010","","2001年度","","11,718,633"
"130","","不動産業","26","","全規模","20020","","2002年度","","10,655,698"
"130","","不動産業","26","","全規模","20030","","2003年度","","11,000,831"
"130","","不動産業","26","","全規模","20040","","2004年度","","9,184,690"
"130","","不動産業","26","","全規模","20050","","2005年度","","12,796,818"
"130","","不動産業","26","","全規模","20060","","2006年度","","12,745,831"
"130","","不動産業","26","","全規模","20070","","2007年度","","22,401,598"
"130","","不動産業","26","","全規模","20080","","2008年度","","13,819,254"
"130","","不動産業","26","","全規模","20090","","2009年度","","22,616,821"
"130","","不動産業","26","","全規模","20100","","2010年度","","10,721,492"
"130","","不動産業","26","","全規模","20110","","2011年度","","9,246,031"
"130","","不動産業","26","","全規模","20120","","2012年度","","10,210,473"
"130","","不動産業","26","","全規模","20130","","2013年度","","10,889,194"
"130","","不動産業","26","","全規模","20140","","2014年度","","11,344,725"
"130","","不動産業","26","","全規模","20150","","2015年度","","11,549,640"
"130","","不動産業","26","","全規模","20160","","2016年度","","14,032,080"
"130","","不動産業","26","","全規模","20170","","2017年度","","15,022,230"
"130","","不動産業","26","","全規模","20180","","2018年度","","14,440,296"
"130","","不動産業","26","","全規模","20190","","2019年度","","15,132,498"
"130","","不動産業","26","","全規模","20200","","2020年度","","17,452,607"
"130","","不動産業","26","","全規模","20210","","2021年度","","18,411,106"
"130","","不動産業","26","","全規模","20220","","2022年度","","18,155,626"
"130","","不動産業","26","","全規模","20230","","2023年度","","21,808,456"
"130","","不動産業","26","","全規模","20240","","2024年度","","23,982,822"
"149","","物品賃貸業(集約)","26","","全規模","20040","","2004年度","","126,655"
"149","","物品賃貸業(集約)","26","","全規模","20050","","2005年度","","153,615"
"149","","物品賃貸業(集約)","26","","全規模","20060","","2006年度","","180,836"
"149","","物品賃貸業(集約)","26","","全規模","20070","","2007年度","","153,910"
"149","","物品賃貸業(集約)","26","","全規模","20080","","2008年度","","154,199"
"149","","物品賃貸業(集約)","26","","全規模","20090","","2009年度","","309,627"
"149","","物品賃貸業(集約)","26","","全規模","20100","","2010年度","","144,185"
"149","","物品賃貸業(集約)","26","","全規模","20110","","2011年度","","327,473"
"149","","物品賃貸業(集約)","26","","全規模","20120","","2012年度","","523,110"
"149","","物品賃貸業(集約)","26","","全規模","20130","","2013年度","","248,500"
"149","","物品賃貸業(集約)","26","","全規模","20140","","2014年度","","420,845"
"149","","物品賃貸業(集約)","26","","全規模","20150","","2015年度","","207,577"
"149","","物品賃貸業(集約)","26","","全規模","20160","","2016年度","","233,336"
"149","","物品賃貸業(集約)","26","","全規模","20170","","2017年度","","256,376"
"149","","物品賃貸業(集約)","26","","全規模","20180","","2018年度","","224,583"
"149","","物品賃貸業(集約)","26","","全規模","20190","","2019年度","","268,828"
"149","","物品賃貸業(集約)","26","","全規模","20200","","2020年度","","309,343"
"149","","物品賃貸業(集約)","26","","全規模","20210","","2021年度","","502,346"
"149","","物品賃貸業(集約)","26","","全規模","20220","","2022年度","","559,834"
"149","","物品賃貸業(集約)","26","","全規模","20230","","2023年度","","540,380"
"149","","物品賃貸業(集約)","26","","全規模","20240","","2024年度","","469,773"
"150","","リース業","26","","全規模","20040","","2004年度","","84,195"
"150","","リース業","26","","全規模","20050","","2005年度","","134,892"
"150","","リース業","26","","全規模","20060","","2006年度","","136,423"
"150","","リース業","26","","全規模","20070","","2007年度","","100,778"
"150","","リース業","26","","全規模","20080","","2008年度","","100,174"
"150","","リース業","26","","全規模","20090","","2009年度","","130,569"
"150","","リース業","26","","全規模","20100","","2010年度","","75,386"
"150","","リース業","26","","全規模","20110","","2011年度","","266,103"
"150","","リース業","26","","全規模","20120","","2012年度","","457,637"
"150","","リース業","26","","全規模","20130","","2013年度","","176,913"
"150","","リース業","26","","全規模","20140","","2014年度","","298,819"
"150","","リース業","26","","全規模","20150","","2015年度","","152,395"
"150","","リース業","26","","全規模","20160","","2016年度","","133,832"
"150","","リース業","26","","全規模","20170","","2017年度","","144,547"
"150","","リース業","26","","全規模","20180","","2018年度","","156,008"
"150","","リース業","26","","全規模","20190","","2019年度","","98,613"
"150","","リース業","26","","全規模","20200","","2020年度","","124,834"
"150","","リース業","26","","全規模","20210","","2021年度","","233,007"
"150","","リース業","26","","全規模","20220","","2022年度","","245,694"
"150","","リース業","26","","全規模","20230","","2023年度","","266,452"
"150","","リース業","26","","全規模","20240","","2024年度","","220,365"
"151","","その他の物品賃貸業","26","","全規模","20040","","2004年度","","42,460"
"151","","その他の物品賃貸業","26","","全規模","20050","","2005年度","","18,723"
"151","","その他の物品賃貸業","26","","全規模","20060","","2006年度","","44,413"
"151","","その他の物品賃貸業","26","","全規模","20070","","2007年度","","53,132"
"151","","その他の物品賃貸業","26","","全規模","20080","","2008年度","","54,025"
"151","","その他の物品賃貸業","26","","全規模","20090","","2009年度","","179,058"
"151","","その他の物品賃貸業","26","","全規模","20100","","2010年度","","68,799"
"151","","その他の物品賃貸業","26","","全規模","20110","","2011年度","","61,370"
"151","","その他の物品賃貸業","26","","全規模","20120","","2012年度","","65,473"
"151","","その他の物品賃貸業","26","","全規模","20130","","2013年度","","71,587"
"151","","その他の物品賃貸業","26","","全規模","20140","","2014年度","","122,026"
"151","","その他の物品賃貸業","26","","全規模","20150","","2015年度","","55,182"
"151","","その他の物品賃貸業","26","","全規模","20160","","2016年度","","99,504"
"151","","その他の物品賃貸業","26","","全規模","20170","","2017年度","","111,829"
"151","","その他の物品賃貸業","26","","全規模","20180","","2018年度","","68,575"
"151","","その他の物品賃貸業","26","","全規模","20190","","2019年度","","170,215"
"151","","その他の物品賃貸業","26","","全規模","20200","","2020年度","","184,509"
"151","","その他の物品賃貸業","26","","全規模","20210","","2021年度","","269,339"
"151","","その他の物品賃貸業","26","","全規模","20220","","2022年度","","314,140"
"151","","その他の物品賃貸業","26","","全規模","20230","","2023年度","","273,928"
"151","","その他の物品賃貸業","26","","全規模","20240","","2024年度","","249,408"
"137","","サービス業(集約)","26","","全規模","20000","","2000年度","","3,146,527"
"137","","サービス業(集約)","26","","全規模","20010","","2001年度","","3,307,095"
"137","","サービス業(集約)","26","","全規模","20020","","2002年度","","3,516,065"
"137","","サービス業(集約)","26","","全規模","20030","","2003年度","","3,381,445"
"137","","サービス業(集約)","26","","全規模","20040","","2004年度","","2,964,876"
"137","","サービス業(集約)","26","","全規模","20050","","2005年度","","2,988,523"
"137","","サービス業(集約)","26","","全規模","20060","","2006年度","","3,080,816"
"137","","サービス業(集約)","26","","全規模","20070","","2007年度","","2,637,355"
"137","","サービス業(集約)","26","","全規模","20080","","2008年度","","2,491,855"
"137","","サービス業(集約)","26","","全規模","20090","","2009年度","","3,068,798"
"137","","サービス業(集約)","26","","全規模","20100","","2010年度","","3,066,968"
"137","","サービス業(集約)","26","","全規模","20110","","2011年度","","2,914,975"
"137","","サービス業(集約)","26","","全規模","20120","","2012年度","","3,431,696"
"137","","サービス業(集約)","26","","全規模","20130","","2013年度","","3,424,373"
"137","","サービス業(集約)","26","","全規模","20140","","2014年度","","2,635,390"
"137","","サービス業(集約)","26","","全規模","20150","","2015年度","","2,912,977"
"137","","サービス業(集約)","26","","全規模","20160","","2016年度","","3,365,250"
"137","","サービス業(集約)","26","","全規模","20170","","2017年度","","3,786,887"
"137","","サービス業(集約)","26","","全規模","20180","","2018年度","","3,545,310"
"137","","サービス業(集約)","26","","全規模","20190","","2019年度","","4,003,326"
"137","","サービス業(集約)","26","","全規模","20200","","2020年度","","4,097,862"
"137","","サービス業(集約)","26","","全規模","20210","","2021年度","","3,694,368"
"137","","サービス業(集約)","26","","全規模","20220","","2022年度","","4,334,068"
"137","","サービス業(集約)","26","","全規模","20230","","2023年度","","4,208,951"
"137","","サービス業(集約)","26","","全規模","20240","","2024年度","","5,093,316"
"156","","宿泊業、飲食サービス業(集約)","26","","全規模","20090","","2009年度","","408,049"
"156","","宿泊業、飲食サービス業(集約)","26","","全規模","20100","","2010年度","","398,560"
"156","","宿泊業、飲食サービス業(集約)","26","","全規模","20110","","2011年度","","366,056"
"156","","宿泊業、飲食サービス業(集約)","26","","全規模","20120","","2012年度","","561,103"
"156","","宿泊業、飲食サービス業(集約)","26","","全規模","20130","","2013年度","","565,286"
"156","","宿泊業、飲食サービス業(集約)","26","","全規模","20140","","2014年度","","314,068"
"156","","宿泊業、飲食サービス業(集約)","26","","全規模","20150","","2015年度","","432,029"
"156","","宿泊業、飲食サービス業(集約)","26","","全規模","20160","","2016年度","","431,277"
"156","","宿泊業、飲食サービス業(集約)","26","","全規模","20170","","2017年度","","387,838"
"156","","宿泊業、飲食サービス業(集約)","26","","全規模","20180","","2018年度","","391,859"
"156","","宿泊業、飲食サービス業(集約)","26","","全規模","20190","","2019年度","","329,513"
"156","","宿泊業、飲食サービス業(集約)","26","","全規模","20200","","2020年度","","312,190"
"156","","宿泊業、飲食サービス業(集約)","26","","全規模","20210","","2021年度","","560,250"
"156","","宿泊業、飲食サービス業(集約)","26","","全規模","20220","","2022年度","","886,920"
"156","","宿泊業、飲食サービス業(集約)","26","","全規模","20230","","2023年度","","441,505"
"156","","宿泊業、飲食サービス業(集約)","26","","全規模","20240","","2024年度","","649,574"
"139","","宿泊業","26","","全規模","20000","","2000年度","","114,403"
"139","","宿泊業","26","","全規模","20010","","2001年度","","90,025"
"139","","宿泊業","26","","全規模","20020","","2002年度","","139,295"
"139","","宿泊業","26","","全規模","20030","","2003年度","","90,791"
"139","","宿泊業","26","","全規模","20040","","2004年度","","189,529"
"139","","宿泊業","26","","全規模","20050","","2005年度","","150,413"
"139","","宿泊業","26","","全規模","20060","","2006年度","","148,113"
"139","","宿泊業","26","","全規模","20070","","2007年度","","148,800"
"139","","宿泊業","26","","全規模","20080","","2008年度","","160,586"
"139","","宿泊業","26","","全規模","20090","","2009年度","","81,838"
"139","","宿泊業","26","","全規模","20100","","2010年度","","100,059"
"139","","宿泊業","26","","全規模","20110","","2011年度","","70,227"
"139","","宿泊業","26","","全規模","20120","","2012年度","","285,214"
"139","","宿泊業","26","","全規模","20130","","2013年度","","271,331"
"139","","宿泊業","26","","全規模","20140","","2014年度","","59,482"
"139","","宿泊業","26","","全規模","20150","","2015年度","","89,739"
"139","","宿泊業","26","","全規模","20160","","2016年度","","93,656"
"139","","宿泊業","26","","全規模","20170","","2017年度","","99,805"
"139","","宿泊業","26","","全規模","20180","","2018年度","","106,560"
"139","","宿泊業","26","","全規模","20190","","2019年度","","109,235"
"139","","宿泊業","26","","全規模","20200","","2020年度","","57,956"
"139","","宿泊業","26","","全規模","20210","","2021年度","","98,207"
"139","","宿泊業","26","","全規模","20220","","2022年度","","108,276"
"139","","宿泊業","26","","全規模","20230","","2023年度","","104,382"
"139","","宿泊業","26","","全規模","20240","","2024年度","","246,999"
"148","","飲食サービス業","26","","全規模","20040","","2004年度","","303,306"
"148","","飲食サービス業","26","","全規模","20050","","2005年度","","288,058"
"148","","飲食サービス業","26","","全規模","20060","","2006年度","","173,124"
"148","","飲食サービス業","26","","全規模","20070","","2007年度","","189,538"
"148","","飲食サービス業","26","","全規模","20080","","2008年度","","203,000"
"148","","飲食サービス業","26","","全規模","20090","","2009年度","","326,211"
"148","","飲食サービス業","26","","全規模","20100","","2010年度","","298,501"
"148","","飲食サービス業","26","","全規模","20110","","2011年度","","295,829"
"148","","飲食サービス業","26","","全規模","20120","","2012年度","","275,889"
"148","","飲食サービス業","26","","全規模","20130","","2013年度","","293,955"
"148","","飲食サービス業","26","","全規模","20140","","2014年度","","254,586"
"148","","飲食サービス業","26","","全規模","20150","","2015年度","","342,290"
"148","","飲食サービス業","26","","全規模","20160","","2016年度","","337,621"
"148","","飲食サービス業","26","","全規模","20170","","2017年度","","288,033"
"148","","飲食サービス業","26","","全規模","20180","","2018年度","","285,299"
"148","","飲食サービス業","26","","全規模","20190","","2019年度","","220,278"
"148","","飲食サービス業","26","","全規模","20200","","2020年度","","254,234"
"148","","飲食サービス業","26","","全規模","20210","","2021年度","","462,043"
"148","","飲食サービス業","26","","全規模","20220","","2022年度","","778,644"
"148","","飲食サービス業","26","","全規模","20230","","2023年度","","337,123"
"148","","飲食サービス業","26","","全規模","20240","","2024年度","","402,575"
"157","","生活関連サービス業、娯楽業(集約)","26","","全規模","20090","","2009年度","","553,615"
"157","","生活関連サービス業、娯楽業(集約)","26","","全規模","20100","","2010年度","","471,066"
"157","","生活関連サービス業、娯楽業(集約)","26","","全規模","20110","","2011年度","","371,566"
"157","","生活関連サービス業、娯楽業(集約)","26","","全規模","20120","","2012年度","","518,962"
"157","","生活関連サービス業、娯楽業(集約)","26","","全規模","20130","","2013年度","","631,509"
"157","","生活関連サービス業、娯楽業(集約)","26","","全規模","20140","","2014年度","","469,978"
"157","","生活関連サービス業、娯楽業(集約)","26","","全規模","20150","","2015年度","","549,343"
"157","","生活関連サービス業、娯楽業(集約)","26","","全規模","20160","","2016年度","","503,295"
"157","","生活関連サービス業、娯楽業(集約)","26","","全規模","20170","","2017年度","","525,890"
"157","","生活関連サービス業、娯楽業(集約)","26","","全規模","20180","","2018年度","","540,629"
"157","","生活関連サービス業、娯楽業(集約)","26","","全規模","20190","","2019年度","","425,043"
"157","","生活関連サービス業、娯楽業(集約)","26","","全規模","20200","","2020年度","","640,456"
"157","","生活関連サービス業、娯楽業(集約)","26","","全規模","20210","","2021年度","","461,331"
"157","","生活関連サービス業、娯楽業(集約)","26","","全規模","20220","","2022年度","","454,341"
"157","","生活関連サービス業、娯楽業(集約)","26","","全規模","20230","","2023年度","","592,578"
"157","","生活関連サービス業、娯楽業(集約)","26","","全規模","20240","","2024年度","","569,107"
"140","","生活関連サービス業","26","","全規模","20000","","2000年度","","231,888"
"140","","生活関連サービス業","26","","全規模","20010","","2001年度","","244,545"
"140","","生活関連サービス業","26","","全規模","20020","","2002年度","","200,493"
"140","","生活関連サービス業","26","","全規模","20030","","2003年度","","307,441"
"140","","生活関連サービス業","26","","全規模","20040","","2004年度","","171,143"
"140","","生活関連サービス業","26","","全規模","20050","","2005年度","","193,600"
"140","","生活関連サービス業","26","","全規模","20060","","2006年度","","200,454"
"140","","生活関連サービス業","26","","全規模","20070","","2007年度","","228,301"
"140","","生活関連サービス業","26","","全規模","20080","","2008年度","","352,161"
"140","","生活関連サービス業","26","","全規模","20090","","2009年度","","279,198"
"140","","生活関連サービス業","26","","全規模","20100","","2010年度","","209,597"
"140","","生活関連サービス業","26","","全規模","20110","","2011年度","","189,777"
"140","","生活関連サービス業","26","","全規模","20120","","2012年度","","319,872"
"140","","生活関連サービス業","26","","全規模","20130","","2013年度","","264,352"
"140","","生活関連サービス業","26","","全規模","20140","","2014年度","","172,783"
"140","","生活関連サービス業","26","","全規模","20150","","2015年度","","226,007"
"140","","生活関連サービス業","26","","全規模","20160","","2016年度","","219,184"
"140","","生活関連サービス業","26","","全規模","20170","","2017年度","","196,084"
"140","","生活関連サービス業","26","","全規模","20180","","2018年度","","293,138"
"140","","生活関連サービス業","26","","全規模","20190","","2019年度","","215,401"
"140","","生活関連サービス業","26","","全規模","20200","","2020年度","","325,999"
"140","","生活関連サービス業","26","","全規模","20210","","2021年度","","279,217"
"140","","生活関連サービス業","26","","全規模","20220","","2022年度","","263,777"
"140","","生活関連サービス業","26","","全規模","20230","","2023年度","","378,402"
"140","","生活関連サービス業","26","","全規模","20240","","2024年度","","286,661"
"141","","娯楽業","26","","全規模","20000","","2000年度","","372,481"
"141","","娯楽業","26","","全規模","20010","","2001年度","","713,303"
"141","","娯楽業","26","","全規模","20020","","2002年度","","857,068"
"141","","娯楽業","26","","全規模","20030","","2003年度","","444,208"
"141","","娯楽業","26","","全規模","20040","","2004年度","","455,289"
"141","","娯楽業","26","","全規模","20050","","2005年度","","445,313"
"141","","娯楽業","26","","全規模","20060","","2006年度","","309,040"
"141","","娯楽業","26","","全規模","20070","","2007年度","","376,572"
"141","","娯楽業","26","","全規模","20080","","2008年度","","287,747"
"141","","娯楽業","26","","全規模","20090","","2009年度","","274,417"
"141","","娯楽業","26","","全規模","20100","","2010年度","","261,469"
"141","","娯楽業","26","","全規模","20110","","2011年度","","181,789"
"141","","娯楽業","26","","全規模","20120","","2012年度","","199,090"
"141","","娯楽業","26","","全規模","20130","","2013年度","","367,157"
"141","","娯楽業","26","","全規模","20140","","2014年度","","297,195"
"141","","娯楽業","26","","全規模","20150","","2015年度","","323,336"
"141","","娯楽業","26","","全規模","20160","","2016年度","","284,111"
"141","","娯楽業","26","","全規模","20170","","2017年度","","329,806"
"141","","娯楽業","26","","全規模","20180","","2018年度","","247,491"
"141","","娯楽業","26","","全規模","20190","","2019年度","","209,642"
"141","","娯楽業","26","","全規模","20200","","2020年度","","314,457"
"141","","娯楽業","26","","全規模","20210","","2021年度","","182,114"
"141","","娯楽業","26","","全規模","20220","","2022年度","","190,564"
"141","","娯楽業","26","","全規模","20230","","2023年度","","214,176"
"141","","娯楽業","26","","全規模","20240","","2024年度","","282,446"
"161","","学術研究、専門・技術サービス業(集約)","26","","全規模","20090","","2009年度","","1,105,264"
"161","","学術研究、専門・技術サービス業(集約)","26","","全規模","20100","","2010年度","","1,172,450"
"161","","学術研究、専門・技術サービス業(集約)","26","","全規模","20110","","2011年度","","1,198,124"
"161","","学術研究、専門・技術サービス業(集約)","26","","全規模","20120","","2012年度","","938,270"
"161","","学術研究、専門・技術サービス業(集約)","26","","全規模","20130","","2013年度","","824,498"
"161","","学術研究、専門・技術サービス業(集約)","26","","全規模","20140","","2014年度","","874,560"
"161","","学術研究、専門・技術サービス業(集約)","26","","全規模","20150","","2015年度","","896,109"
"161","","学術研究、専門・技術サービス業(集約)","26","","全規模","20160","","2016年度","","1,194,192"
"161","","学術研究、専門・技術サービス業(集約)","26","","全規模","20170","","2017年度","","1,468,630"
"161","","学術研究、専門・技術サービス業(集約)","26","","全規模","20180","","2018年度","","1,165,113"
"161","","学術研究、専門・技術サービス業(集約)","26","","全規模","20190","","2019年度","","1,746,187"
"161","","学術研究、専門・技術サービス業(集約)","26","","全規模","20200","","2020年度","","1,790,886"
"161","","学術研究、専門・技術サービス業(集約)","26","","全規模","20210","","2021年度","","1,325,780"
"161","","学術研究、専門・技術サービス業(集約)","26","","全規模","20220","","2022年度","","1,531,497"
"161","","学術研究、専門・技術サービス業(集約)","26","","全規模","20230","","2023年度","","1,601,095"
"161","","学術研究、専門・技術サービス業(集約)","26","","全規模","20240","","2024年度","","1,542,481"
"138","","広告業","26","","全規模","20000","","2000年度","","1,262,686"
"138","","広告業","26","","全規模","20010","","2001年度","","985,477"
"138","","広告業","26","","全規模","20020","","2002年度","","1,190,355"
"138","","広告業","26","","全規模","20030","","2003年度","","1,145,775"
"138","","広告業","26","","全規模","20040","","2004年度","","620,807"
"138","","広告業","26","","全規模","20050","","2005年度","","573,839"
"138","","広告業","26","","全規模","20060","","2006年度","","545,000"
"138","","広告業","26","","全規模","20070","","2007年度","","426,332"
"138","","広告業","26","","全規模","20080","","2008年度","","450,998"
"138","","広告業","26","","全規模","20090","","2009年度","","191,851"
"138","","広告業","26","","全規模","20100","","2010年度","","137,053"
"138","","広告業","26","","全規模","20110","","2011年度","","91,911"
"138","","広告業","26","","全規模","20120","","2012年度","","179,602"
"138","","広告業","26","","全規模","20130","","2013年度","","97,235"
"138","","広告業","26","","全規模","20140","","2014年度","","132,453"
"138","","広告業","26","","全規模","20150","","2015年度","","116,002"
"138","","広告業","26","","全規模","20160","","2016年度","","119,975"
"138","","広告業","26","","全規模","20170","","2017年度","","115,180"
"138","","広告業","26","","全規模","20180","","2018年度","","112,994"
"138","","広告業","26","","全規模","20190","","2019年度","","115,951"
"138","","広告業","26","","全規模","20200","","2020年度","","115,655"
"138","","広告業","26","","全規模","20210","","2021年度","","259,732"
"138","","広告業","26","","全規模","20220","","2022年度","","149,717"
"138","","広告業","26","","全規模","20230","","2023年度","","188,767"
"138","","広告業","26","","全規模","20240","","2024年度","","200,333"
"158","","純粋持株会社","26","","全規模","20090","","2009年度","","17,960"
"158","","純粋持株会社","26","","全規模","20100","","2010年度","","23,538"
"158","","純粋持株会社","26","","全規模","20110","","2011年度","","114,028"
"158","","純粋持株会社","26","","全規模","20120","","2012年度","","94,948"
"158","","純粋持株会社","26","","全規模","20130","","2013年度","","105,296"
"158","","純粋持株会社","26","","全規模","20140","","2014年度","","48,984"
"158","","純粋持株会社","26","","全規模","20150","","2015年度","","92,835"
"158","","純粋持株会社","26","","全規模","20160","","2016年度","","133,182"
"158","","純粋持株会社","26","","全規模","20170","","2017年度","","142,848"
"158","","純粋持株会社","26","","全規模","20180","","2018年度","","85,570"
"158","","純粋持株会社","26","","全規模","20190","","2019年度","","64,338"
"158","","純粋持株会社","26","","全規模","20200","","2020年度","","64,267"
"158","","純粋持株会社","26","","全規模","20210","","2021年度","","52,380"
"158","","純粋持株会社","26","","全規模","20220","","2022年度","","64,702"
"158","","純粋持株会社","26","","全規模","20230","","2023年度","","151,740"
"158","","純粋持株会社","26","","全規模","20240","","2024年度","","257,934"
"159","","その他の学術研究、専門・技術サービス業","26","","全規模","20090","","2009年度","","895,453"
"159","","その他の学術研究、専門・技術サービス業","26","","全規模","20100","","2010年度","","1,011,859"
"159","","その他の学術研究、専門・技術サービス業","26","","全規模","20110","","2011年度","","992,185"
"159","","その他の学術研究、専門・技術サービス業","26","","全規模","20120","","2012年度","","663,720"
"159","","その他の学術研究、専門・技術サービス業","26","","全規模","20130","","2013年度","","621,967"
"159","","その他の学術研究、専門・技術サービス業","26","","全規模","20140","","2014年度","","693,123"
"159","","その他の学術研究、専門・技術サービス業","26","","全規模","20150","","2015年度","","687,272"
"159","","その他の学術研究、専門・技術サービス業","26","","全規模","20160","","2016年度","","941,035"
"159","","その他の学術研究、専門・技術サービス業","26","","全規模","20170","","2017年度","","1,210,602"
"159","","その他の学術研究、専門・技術サービス業","26","","全規模","20180","","2018年度","","966,549"
"159","","その他の学術研究、専門・技術サービス業","26","","全規模","20190","","2019年度","","1,565,898"
"159","","その他の学術研究、専門・技術サービス業","26","","全規模","20200","","2020年度","","1,610,964"
"159","","その他の学術研究、専門・技術サービス業","26","","全規模","20210","","2021年度","","1,013,668"
"159","","その他の学術研究、専門・技術サービス業","26","","全規模","20220","","2022年度","","1,317,078"
"159","","その他の学術研究、専門・技術サービス業","26","","全規模","20230","","2023年度","","1,260,588"
"159","","その他の学術研究、専門・技術サービス業","26","","全規模","20240","","2024年度","","1,084,214"
"153","","教育、学習支援業","26","","全規模","20040","","2004年度","","58,598"
"153","","教育、学習支援業","26","","全規模","20050","","2005年度","","50,499"
"153","","教育、学習支援業","26","","全規模","20060","","2006年度","","43,109"
"153","","教育、学習支援業","26","","全規模","20070","","2007年度","","72,517"
"153","","教育、学習支援業","26","","全規模","20080","","2008年度","","92,493"
"153","","教育、学習支援業","26","","全規模","20090","","2009年度","","50,659"
"153","","教育、学習支援業","26","","全規模","20100","","2010年度","","57,585"
"153","","教育、学習支援業","26","","全規模","20110","","2011年度","","76,179"
"153","","教育、学習支援業","26","","全規模","20120","","2012年度","","130,807"
"153","","教育、学習支援業","26","","全規模","20130","","2013年度","","116,795"
"153","","教育、学習支援業","26","","全規模","20140","","2014年度","","92,397"
"153","","教育、学習支援業","26","","全規模","20150","","2015年度","","63,931"
"153","","教育、学習支援業","26","","全規模","20160","","2016年度","","118,874"
"153","","教育、学習支援業","26","","全規模","20170","","2017年度","","109,475"
"153","","教育、学習支援業","26","","全規模","20180","","2018年度","","53,840"
"153","","教育、学習支援業","26","","全規模","20190","","2019年度","","57,457"
"153","","教育、学習支援業","26","","全規模","20200","","2020年度","","58,641"
"153","","教育、学習支援業","26","","全規模","20210","","2021年度","","81,737"
"153","","教育、学習支援業","26","","全規模","20220","","2022年度","","80,376"
"153","","教育、学習支援業","26","","全規模","20230","","2023年度","","81,579"
"153","","教育、学習支援業","26","","全規模","20240","","2024年度","","33,885"
"152","","医療、福祉業","26","","全規模","20040","","2004年度","","52,548"
"152","","医療、福祉業","26","","全規模","20050","","2005年度","","63,328"
"152","","医療、福祉業","26","","全規模","20060","","2006年度","","67,445"
"152","","医療、福祉業","26","","全規模","20070","","2007年度","","119,359"
"152","","医療、福祉業","26","","全規模","20080","","2008年度","","29,009"
"152","","医療、福祉業","26","","全規模","20090","","2009年度","","55,793"
"152","","医療、福祉業","26","","全規模","20100","","2010年度","","33,726"
"152","","医療、福祉業","26","","全規模","20110","","2011年度","","43,551"
"152","","医療、福祉業","26","","全規模","20120","","2012年度","","70,685"
"152","","医療、福祉業","26","","全規模","20130","","2013年度","","103,853"
"152","","医療、福祉業","26","","全規模","20140","","2014年度","","56,125"
"152","","医療、福祉業","26","","全規模","20150","","2015年度","","97,273"
"152","","医療、福祉業","26","","全規模","20160","","2016年度","","111,494"
"152","","医療、福祉業","26","","全規模","20170","","2017年度","","75,522"
"152","","医療、福祉業","26","","全規模","20180","","2018年度","","154,174"
"152","","医療、福祉業","26","","全規模","20190","","2019年度","","126,427"
"152","","医療、福祉業","26","","全規模","20200","","2020年度","","138,392"
"152","","医療、福祉業","26","","全規模","20210","","2021年度","","233,596"
"152","","医療、福祉業","26","","全規模","20220","","2022年度","","144,377"
"152","","医療、福祉業","26","","全規模","20230","","2023年度","","132,955"
"152","","医療、福祉業","26","","全規模","20240","","2024年度","","640,710"
"160","","職業紹介・労働者派遣業","26","","全規模","20090","","2009年度","","5,241"
"160","","職業紹介・労働者派遣業","26","","全規模","20100","","2010年度","","38,592"
"160","","職業紹介・労働者派遣業","26","","全規模","20110","","2011年度","","20,789"
"160","","職業紹介・労働者派遣業","26","","全規模","20120","","2012年度","","13,927"
"160","","職業紹介・労働者派遣業","26","","全規模","20130","","2013年度","","10,805"
"160","","職業紹介・労働者派遣業","26","","全規模","20140","","2014年度","","24,253"
"160","","職業紹介・労働者派遣業","26","","全規模","20150","","2015年度","","12,431"
"160","","職業紹介・労働者派遣業","26","","全規模","20160","","2016年度","","10,837"
"160","","職業紹介・労働者派遣業","26","","全規模","20170","","2017年度","","38,038"
"160","","職業紹介・労働者派遣業","26","","全規模","20180","","2018年度","","25,824"
"160","","職業紹介・労働者派遣業","26","","全規模","20190","","2019年度","","8,062"
"160","","職業紹介・労働者派遣業","26","","全規模","20200","","2020年度","","11,260"
"160","","職業紹介・労働者派遣業","26","","全規模","20210","","2021年度","","58,531"
"160","","職業紹介・労働者派遣業","26","","全規模","20220","","2022年度","","61,564"
"160","","職業紹介・労働者派遣業","26","","全規模","20230","","2023年度","","10,466"
"160","","職業紹介・労働者派遣業","26","","全規模","20240","","2024年度","","13,728"
"143","","その他のサービス業","26","","全規模","20000","","2000年度","","1,065,623"
"143","","その他のサービス業","26","","全規模","20010","","2001年度","","1,170,464"
"143","","その他のサービス業","26","","全規模","20020","","2002年度","","1,037,231"
"143","","その他のサービス業","26","","全規模","20030","","2003年度","","1,279,851"
"143","","その他のサービス業","26","","全規模","20040","","2004年度","","1,479,836"
"143","","その他のサービス業","26","","全規模","20050","","2005年度","","1,508,329"
"143","","その他のサービス業","26","","全規模","20060","","2006年度","","1,734,932"
"143","","その他のサービス業","26","","全規模","20070","","2007年度","","1,260,364"
"143","","その他のサービス業","26","","全規模","20080","","2008年度","","1,125,248"
"143","","その他のサービス業","26","","全規模","20090","","2009年度","","890,177"
"143","","その他のサービス業","26","","全規模","20100","","2010年度","","894,989"
"143","","その他のサービス業","26","","全規模","20110","","2011年度","","838,710"
"143","","その他のサービス業","26","","全規模","20120","","2012年度","","1,197,942"
"143","","その他のサービス業","26","","全規模","20130","","2013年度","","1,171,627"
"143","","その他のサービス業","26","","全規模","20140","","2014年度","","804,009"
"143","","その他のサービス業","26","","全規模","20150","","2015年度","","861,861"
"143","","その他のサービス業","26","","全規模","20160","","2016年度","","995,281"
"143","","その他のサービス業","26","","全規模","20170","","2017年度","","1,181,494"
"143","","その他のサービス業","26","","全規模","20180","","2018年度","","1,213,871"
"143","","その他のサービス業","26","","全規模","20190","","2019年度","","1,310,637"
"143","","その他のサービス業","26","","全規模","20200","","2020年度","","1,146,037"
"143","","その他のサービス業","26","","全規模","20210","","2021年度","","973,143"
"143","","その他のサービス業","26","","全規模","20220","","2022年度","","1,174,993"
"143","","その他のサービス業","26","","全規模","20230","","2023年度","","1,348,773"
"143","","その他のサービス業","26","","全規模","20240","","2024年度","","1,643,831"
